"Date","Type","Transaction ID","Received Quantity","Received Currency","Received Currency Balance","Received Cost Basis (USD)","Received Wallet","Received Address","Received Tag","Received Comment","Sent Quantity","Sent Currency","Sent Currency Balance","Sent Cost Basis (USD)","Sent Wallet","Sent Address","Sent Tag","Sent Comment","Fee Amount","Fee Currency","Realized Return (USD)","Disabled"
02/12/2021 15:51:38,Buy,,1.00000000,ETH,1.00000000,1827.53,Coinbase - ETH Wallet,,,Bought Ethereum Using Chase - TOTAL CHECKING *****6925,1827.53,USD,,,Coinbase - Cash (USD),,,Bought Ethereum Using Chase - TOTAL CHECKING *****6925,26.83,USD,,
02/13/2021 20:00:24,Receive,,0.00010633,BTC,0.00010633,4.99,Coinbase - BTC Wallet,,,Received Bitcoin From Coinbase,,,,,,,,,,,,
02/22/2021 13:06:58,Buy,,0.02672078,ETH,1.02672078,50.00,Coinbase - ETH Wallet,,,Bought Ethereum Using Chase - TOTAL CHECKING *****6925,50.00,USD,,,Coinbase - Cash (USD),,,Bought Ethereum Using Chase - TOTAL CHECKING *****6925,1.99,USD,,
02/23/2021 04:49:32,Buy,,0.02956831,ETH,1.05628909,50.00,Coinbase - ETH Wallet,,,Bought Ethereum Using Chase - TOTAL CHECKING *****6925,50.00,USD,,,Coinbase - Cash (USD),,,Bought Ethereum Using Chase - TOTAL CHECKING *****6925,1.99,USD,,
02/26/2021 06:49:47,Buy,,5.74944100,ATOM,5.74944100,100.00,Coinbase - ATOM Wallet,,,Bought Cosmos Using Chase - TOTAL CHECKING *****6925,100.00,USD,,,Coinbase - Cash (USD),,,Bought Cosmos Using Chase - TOTAL CHECKING *****6925,2.99,USD,,
02/27/2021 01:44:08,Receive,,0.02520231,NMR,0.02520231,1.00,Coinbase - NMR Wallet,,Payment,Received Numeraire From Coinbase Earn,,,,,,,,,,,,
02/27/2021 01:45:01,Receive,,0.02522087,NMR,0.05042318,1.00,Coinbase - NMR Wallet,,Payment,Received Numeraire From Coinbase Earn,,,,,,,,,,,,
02/27/2021 01:46:01,Receive,,0.02513839,NMR,0.07556157,0.99,Coinbase - NMR Wallet,,Payment,Received Numeraire From Coinbase Earn,,,,,,,,,,,,
02/27/2021 01:47:14,Receive,,0.56220835,GRT,0.56220835,1.00,Coinbase - GRT Wallet,,Payment,Received The Graph From Coinbase Earn,,,,,,,,,,,,
02/27/2021 01:48:02,Receive,,0.56249297,GRT,1.12470132,1.00,Coinbase - GRT Wallet,,Payment,Received The Graph From Coinbase Earn,,,,,,,,,,,,
02/27/2021 01:48:53,Receive,,0.56261956,GRT,1.68732088,1.00,Coinbase - GRT Wallet,,Payment,Received The Graph From Coinbase Earn,,,,,,,,,,,,
02/27/2021 17:47:49,Trade,,0.00223263,ETH,1.05852172,3.37,Coinbase - ETH Wallet,,,Converted from Numeraire Using NMR Wallet,0.07556157,NMR,0.00000000,2.99,Coinbase - NMR Wallet,,,Converted from Numeraire Using NMR Wallet,,,0.38,
02/27/2021 17:52:54,Trade,,0.00189629,ETH,1.06041801,2.87,Coinbase - ETH Wallet,,,Converted from The Graph Using GRT Wallet,1.68732088,GRT,0.00000000,3.00,Coinbase - GRT Wallet,,,Converted from The Graph Using GRT Wallet,,,-0.13,
02/28/2021 16:05:44,Buy,,1.00000000,ETH,2.06041801,1368.63,Coinbase - ETH Wallet,,,Bought Ethereum Using Chase - TOTAL CHECKING *****6925,1368.63,USD,,,Coinbase - Cash (USD),,,Bought Ethereum Using Chase - TOTAL CHECKING *****6925,20.09,USD,,
03/03/2021 05:50:12,Receive,,4.75850580,XLM,4.75850580,2.01,Coinbase - XLM Wallet,,Payment,Received Stellar Lumens From Coinbase Earn,,,,,,,,,,,,
03/03/2021 05:50:43,Receive,,4.75523610,XLM,9.51374190,2.01,Coinbase - XLM Wallet,,Payment,Received Stellar Lumens From Coinbase Earn,,,,,,,,,,,,
03/03/2021 05:51:04,Receive,,4.75523610,XLM,14.26897800,2.01,Coinbase - XLM Wallet,,Payment,Received Stellar Lumens From Coinbase Earn,,,,,,,,,,,,
03/03/2021 05:51:23,Receive,,4.75523610,XLM,19.02421410,2.01,Coinbase - XLM Wallet,,Payment,Received Stellar Lumens From Coinbase Earn,,,,,,,,,,,,
03/03/2021 05:51:55,Receive,,4.75336000,XLM,23.77757410,2.00,Coinbase - XLM Wallet,,Payment,Received Stellar Lumens From Coinbase Earn,,,,,,,,,,,,
03/03/2021 05:53:56,Receive,,0.00598552,COMP,0.00598552,3.01,Coinbase - COMP Wallet,,Payment,Received Compound From Coinbase Earn,,,,,,,,,,,,
03/03/2021 05:54:40,Receive,,0.00598767,COMP,0.01197319,3.01,Coinbase - COMP Wallet,,Payment,Received Compound From Coinbase Earn,,,,,,,,,,,,
03/03/2021 05:55:06,Receive,,0.00598767,COMP,0.01796086,3.01,Coinbase - COMP Wallet,,Payment,Received Compound From Coinbase Earn,,,,,,,,,,,,
03/04/2021 00:39:33,Trade,,8.78402075,DAI,8.78402075,8.79,Coinbase - DAI Wallet,,,Converted to Dai Using COMP Wallet,0.01796086,COMP,0.00000000,9.03,Coinbase - COMP Wallet,,,Converted to Dai Using COMP Wallet,,,-0.24,
03/04/2021 01:08:51,Receive,,1.40036409,NU,1.40036409,1.00,Coinbase - NU Wallet,,Payment,Received NuCypher From Coinbase Earn,,,,,,,,,,,,
03/04/2021 01:09:19,Receive,,1.40036409,NU,2.80072818,1.00,Coinbase - NU Wallet,,Payment,Received NuCypher From Coinbase Earn,,,,,,,,,,,,
03/04/2021 01:10:10,Receive,,1.39781940,NU,4.19854758,1.00,Coinbase - NU Wallet,,Payment,Received NuCypher From Coinbase Earn,,,,,,,,,,,,
03/04/2021 01:12:39,Receive,,0.47247815,CELO,0.47247815,1.96,Coinbase - CGLD Wallet,,Payment,Received Celo From Coinbase Earn,,,,,,,,,,,,
03/04/2021 01:13:53,Receive,,0.47187618,CELO,0.94435433,1.96,Coinbase - CGLD Wallet,,Payment,Received Celo From Coinbase Earn,,,,,,,,,,,,
03/04/2021 01:14:56,Receive,,0.47146460,CELO,1.41581893,1.95,Coinbase - CGLD Wallet,,Payment,Received Celo From Coinbase Earn,,,,,,,,,,,,
03/04/2021 01:18:21,Trade,,2.94766802,DAI,11.73168877,3.00,Coinbase - DAI Wallet,,,Converted from NuCypher Using NU Wallet,4.19854758,NU,0.00000000,3.00,Coinbase - NU Wallet,,,Converted from NuCypher Using NU Wallet,,,0.00,
03/04/2021 01:20:15,Trade,,0.00011403,BTC,0.00022036,6.00,Coinbase - BTC Wallet,,,Converted from Celo Using CGLD Wallet,1.41581893,CELO,0.00000000,5.87,Coinbase - CGLD Wallet,,,Converted from Celo Using CGLD Wallet,,,0.13,
03/04/2021 04:08:23,Receive,,200.00000000,CRO,200.00000000,30.21,Imported Wallet - Crypto.com Wallet - CRO,,,Buy CRO,,,,,,,,,,,,
03/04/2021 04:16:36,Receive,,100.00000000,ADA,100.00000000,111.80,Imported Wallet - Crypto.com Wallet - ADA,,,Buy ADA,,,,,,,,,,,,
03/05/2021 06:43:36,Trade,,0.00103889,BTC,0.00125925,50.00,Coinbase - BTC Wallet,,,Converted from Ethereum Using ETH Wallet,0.03396370,ETH,2.02645431,63.24,Coinbase - ETH Wallet,,,Converted from Ethereum Using ETH Wallet,,,-13.24,
03/05/2021 06:45:16,Trade,,0.00019558,BTC,0.00145483,9.38,Coinbase - BTC Wallet,,,Converted from Stellar Lumens Using XLM Wallet,23.77757410,XLM,0.00000000,10.04,Coinbase - XLM Wallet,,,Converted from Stellar Lumens Using XLM Wallet,,,-0.66,
03/06/2021 03:31:24,Receive,,0.00239900,ATOM,5.75184000,0.04,Coinbase - ATOM Wallet,,Staked,Cosmos reward From Coinbase,,,,,,,,,,,,
03/06/2021 06:15:32,Receive,,0.00073000,ATOM,5.75257000,0.01,Coinbase - ATOM Wallet,,Staked,Cosmos reward From Coinbase,,,,,,,,,,,,
03/07/2021 22:53:35,Receive,,0.00230000,BTC,0.00230000,117.07,Imported Wallet - Crypto.com Wallet - BTC,,,Buy BTC,,,,,,,,,,,,
03/07/2021 22:55:32,Receive,,30.00000000,ADA,130.00000000,33.88,Imported Wallet - Crypto.com Wallet - ADA,,,Buy ADA,,,,,,,,,,,,
03/07/2021 22:56:38,Receive,,200.00000000,CRO,400.00000000,31.84,Imported Wallet - Crypto.com Wallet - CRO,,,Buy CRO,,,,,,,,,,,,
03/08/2021 23:29:37,Trade,,0.59666000,ATOM,6.34923000,11.74,Coinbase - ATOM Wallet,,,Converted from Dai Using DAI Wallet,11.73168877,DAI,0.00000000,11.79,Coinbase - DAI Wallet,,,Converted from Dai Using DAI Wallet,,,-0.05,
03/09/2021 10:01:01,Receive,,0.00061470,DAI,0.00061470,0.00,Coinbase - DAI Wallet,,,Dai reward From Coinbase,,,,,,,,,,,,
03/10/2021 02:30:23,Trade,,0.00120142,BTC,0.00350142,68.98,Imported Wallet - Crypto.com Wallet - BTC,,,CRO -> BTC,400.00000000,CRO,0.00000000,62.05,Imported Wallet - Crypto.com Wallet - CRO,,,CRO -> BTC,,,6.93,
03/10/2021 02:43:48,Buy,,0.00364099,BTC,0.00509582,200.00,Coinbase - BTC Wallet,,,Bought Bitcoin Using Chase - TOTAL CHECKING *****6925,200.00,USD,,,Coinbase - Cash (USD),,,Bought Bitcoin Using Chase - TOTAL CHECKING *****6925,2.99,USD,,
03/10/2021 11:02:48,Receive,,0.00063650,DAI,0.00125120,0.00,Coinbase - DAI Wallet,,,Dai reward From Coinbase,,,,,,,,,,,,
03/11/2021 09:48:27,Receive,,0.00063650,DAI,0.00188770,0.00,Coinbase - DAI Wallet,,,Dai reward From Coinbase,,,,,,,,,,,,
03/12/2021 08:18:55,Receive,,70.00000000,ADA,200.00000000,72.81,Imported Wallet - Crypto.com Wallet - ADA,,,Buy ADA,,,,,,,,,,,,
03/12/2021 11:27:02,Receive,,0.00063650,DAI,0.00252420,0.00,Coinbase - DAI Wallet,,,Dai reward From Coinbase,,,,,,,,,,,,
03/12/2021 11:44:08,Receive,,0.00070500,ATOM,6.34993500,0.01,Coinbase - ATOM Wallet,,Staked,Cosmos reward From Coinbase,,,,,,,,,,,,
03/12/2021 13:27:12,Buy,,0.08427595,ETH,2.11073026,150.00,Coinbase - ETH Wallet,,,Bought Ethereum Using Chase - TOTAL CHECKING *****6925,150.00,USD,,,Coinbase - Cash (USD),,,Bought Ethereum Using Chase - TOTAL CHECKING *****6925,2.99,USD,,
03/12/2021 17:30:42,Receive,,100.00000000,ADA,300.00000000,104.02,Imported Wallet - Crypto.com Wallet - ADA,,,Buy ADA,,,,,,,,,,,,
03/13/2021 07:36:22,Receive,,0.00062307,DAI,0.00314727,0.00,Coinbase - DAI Wallet,,,Dai reward From Coinbase,,,,,,,,,,,,
03/14/2021 08:27:35,Send,,,,,,,,,,0.00350142,BTC,0.00000000,195.32,Imported Wallet - Crypto.com Wallet - BTC,,,Withdraw BTC,,,11.08,
03/27/2021 01:00:40,Receive,,0.00202300,ATOM,6.35195800,0.04,Coinbase - ATOM Wallet,,Staked,Cosmos reward From Coinbase,,,,,,,,,,,,
03/27/2021 07:21:57,Buy,,0.00016296,BTC,0.00525878,10.00,Coinbase - BTC Wallet,,,Bought Bitcoin Using Chase - TOTAL CHECKING *****6925,10.00,USD,,,Coinbase - Cash (USD),,,Bought Bitcoin Using Chase - TOTAL CHECKING *****6925,0.99,USD,,
03/27/2021 18:58:27,Send,,,,,,,,,,0.03217887,ETH,2.07855139,58.81,Coinbase - ETH Wallet,0x2AA359e5C6985cF859895EF9094B653F2E0EB21c,,Sent Ethereum To Ethereum address,0.00291900,ETH,-3.83,
03/27/2021 19:06:45,Buy,,54.34615063,MATIC,54.34615063,20.00,Coinbase - MATIC Wallet,,,Bought Polygon Using Chase - TOTAL CHECKING *****6925,20.00,USD,,,Coinbase - Cash (USD),,,Bought Polygon Using Chase - TOTAL CHECKING *****6925,1.49,USD,,
03/29/2021 04:06:05,Buy,,0.00527552,ETH,2.08382691,10.00,Coinbase - ETH Wallet,,,Bought Ethereum Using Chase - TOTAL CHECKING *****6925,10.00,USD,,,Coinbase - Cash (USD),,,Bought Ethereum Using Chase - TOTAL CHECKING *****6925,0.99,USD,,
03/31/2021 19:26:07,Buy,,24.77936465,MATIC,79.12551528,10.00,Coinbase - MATIC Wallet,,,Bought Polygon Using Chase - TOTAL CHECKING *****6925,10.00,USD,,,Coinbase - Cash (USD),,,Bought Polygon Using Chase - TOTAL CHECKING *****6925,0.99,USD,,
03/31/2021 23:57:36,Buy,,46.76156215,MANA,46.76156215,50.00,Coinbase - MANA Wallet,,,Bought Decentraland Using Chase - TOTAL CHECKING *****6925,50.00,USD,,,Coinbase - Cash (USD),,,Bought Decentraland Using Chase - TOTAL CHECKING *****6925,1.99,USD,,
04/01/2021 00:04:11,Trade,,7.41839800,ADA,7.41839800,8.85,Coinbase - ADA Wallet,,,Converted to Cardano Using BTC Wallet,0.00015300,BTC,0.00510578,9.39,Coinbase - BTC Wallet,,,Converted to Cardano Using BTC Wallet,,,-0.54,
04/01/2021 00:19:25,Transfer,,248.00000000,ADA,255.41839800,,Coinbase - ADA Wallet,,,Received Cardano From Cardano address,250.00000000,ADA,50.00000000,,Imported Wallet - Crypto.com Wallet - ADA,,,Withdraw ADA,,,,
04/02/2021 14:57:16,Receive,,0.00681000,ATOM,6.35876800,0.14,Coinbase - ATOM Wallet,,Staked,Cosmos reward From Coinbase,,,,,,,,,,,,
04/03/2021 08:17:58,Buy,,0.00015051,BTC,0.00525629,10.00,Coinbase - BTC Wallet,,,Bought Bitcoin Using Chase - TOTAL CHECKING *****6925,10.00,USD,,,Coinbase - Cash (USD),,,Bought Bitcoin Using Chase - TOTAL CHECKING *****6925,0.99,USD,,
04/05/2021 04:56:48,Buy,,0.00442978,ETH,2.08825669,10.00,Coinbase - ETH Wallet,,,Bought Ethereum Using Chase - TOTAL CHECKING *****6925,10.00,USD,,,Coinbase - Cash (USD),,,Bought Ethereum Using Chase - TOTAL CHECKING *****6925,0.99,USD,,
04/05/2021 19:02:27,Trade,,98.83132664,MANA,145.59288879,98.06,Coinbase - MANA Wallet,,,Converted to Decentraland Using ETH Wallet,0.04762381,ETH,2.04063288,89.30,Coinbase - ETH Wallet,,,Converted to Decentraland Using ETH Wallet,,,8.76,
04/09/2021 12:02:01,Receive,,0.00268700,ATOM,6.36145500,0.06,Coinbase - ATOM Wallet,,Staked,Cosmos reward From Coinbase,,,,,,,,,,,,
04/10/2021 08:02:00,Buy,,0.00014813,BTC,0.00540442,10.00,Coinbase - BTC Wallet,,,Bought Bitcoin Using Chase - TOTAL CHECKING *****6925,10.00,USD,,,Coinbase - Cash (USD),,,Bought Bitcoin Using Chase - TOTAL CHECKING *****6925,0.99,USD,,
04/12/2021 04:33:39,Buy,,0.00416392,ETH,2.04479680,10.00,Coinbase - ETH Wallet,,,Bought Ethereum Using Chase - TOTAL CHECKING *****6925,10.00,USD,,,Coinbase - Cash (USD),,,Bought Ethereum Using Chase - TOTAL CHECKING *****6925,0.99,USD,,
04/13/2021 01:22:38,Trade,,65.06676000,USDm,65.06676000,70.94,Imported Wallet - Crypto.com Wallet - USDm,,,ADA -> USDM,50.00000000,ADA,0.00000000,56.79,Imported Wallet - Crypto.com Wallet - ADA,,,ADA -> USDM,,,14.15,
04/13/2021 01:26:39,Trade,,481.00000000,VET,,74.43,Imported Wallet - Crypto.com Wallet - VET,,,USDM -> VET,64.98355300,USDm,0.08320700,70.85,Imported Wallet - Crypto.com Wallet - USDm,,,USDM -> VET,,,3.58,
04/16/2021 13:53:53,Buy,,17.33330900,ADA,272.75170700,25.00,Coinbase - ADA Wallet,,,Bought Cardano Using Chase - TOTAL CHECKING *****6925,25.00,USD,,,Coinbase - Cash (USD),,,Bought Cardano Using Chase - TOTAL CHECKING *****6925,1.49,USD,,
04/16/2021 20:30:17,Receive,,0.00865800,ATOM,6.37011300,0.23,Coinbase - ATOM Wallet,,Staked,Cosmos reward From Coinbase,,,,,,,,,,,,
04/16/2021 23:34:16,Trade,,44.38370600,USDC,44.38370600,47.00,Imported Wallet - Crypto.com Wallet - USDC,,,VET -> USDC,200.00000000,VET,,30.95,Imported Wallet - Crypto.com Wallet - VET,,,VET -> USDC,,,16.05,
04/17/2021 02:59:10,Trade,,0.00047158,BTC,0.00587600,30.00,Coinbase - BTC Wallet,,,Converted from Decentraland Using MANA Wallet,23.56295432,MANA,122.02993447,25.19,Coinbase - MANA Wallet,,,Converted from Decentraland Using MANA Wallet,,,4.81,
04/17/2021 03:02:45,Trade,,0.00141655,BTC,0.00729255,90.00,Coinbase - BTC Wallet,,,Converted from Ethereum Using ETH Wallet,0.03613108,ETH,2.00866572,68.42,Coinbase - ETH Wallet,,,Converted from Ethereum Using ETH Wallet,,,21.58,
04/17/2021 05:17:12,Trade,,292.00000000,ONE,292.00000000,44.57,Imported Wallet - Crypto.com Wallet - ONE,,,USDC -> ONE,44.38370600,USDC,0.00000000,47.00,Imported Wallet - Crypto.com Wallet - USDC,,,USDC -> ONE,,,-2.43,
04/17/2021 08:21:55,Buy,,0.00014392,BTC,0.00743647,10.00,Coinbase - BTC Wallet,,,Bought Bitcoin Using Chase - TOTAL CHECKING *****6925,10.00,USD,,,Coinbase - Cash (USD),,,Bought Bitcoin Using Chase - TOTAL CHECKING *****6925,0.99,USD,,
04/17/2021 15:53:35,Buy,,45.09772392,MATIC,124.22323920,20.00,Coinbase - MATIC Wallet,,,Bought Polygon Using Chase - TOTAL CHECKING *****6925,20.00,USD,,,Coinbase - Cash (USD),,,Bought Polygon Using Chase - TOTAL CHECKING *****6925,1.49,USD,,
04/18/2021 03:40:46,Buy,,0.05115500,ETH,2.05982072,110.00,Coinbase - ETH Wallet,,,Bought Ethereum Using Chase - TOTAL CHECKING *****6925,110.00,USD,,,Coinbase - Cash (USD),,,Bought Ethereum Using Chase - TOTAL CHECKING *****6925,2.99,USD,,
04/19/2021 05:16:08,Buy,,0.00398134,ETH,2.06380206,10.00,Coinbase - ETH Wallet,,,Bought Ethereum Using Chase - TOTAL CHECKING *****6925,10.00,USD,,,Coinbase - Cash (USD),,,Bought Ethereum Using Chase - TOTAL CHECKING *****6925,0.99,USD,,
04/20/2021 02:26:12,Send,,,,,,,,,,0.05966828,ETH,2.00413378,128.28,Coinbase - ETH Wallet,0x7A178467296f9723f8F245d87F07851163b622cF,,Sent Ethereum To Ethereum address,0.00665700,ETH,-4.56,
04/20/2021 02:27:46,Receive,e8e0f3e84a8ab77553c1519ee3a322b8e9a36127d2954769c2816ce1474ae250,0.05301128,ETH,0.05301128,123.06,ETH Wallet ...b622cF - ETH,0x7A178467296f9723f8F245d87F07851163b622cF,,,,,,,,,,,,,,
04/20/2021 03:10:48,Send,,,,,,,,,,0.02963111,ETH,1.97450267,68.79,Coinbase - ETH Wallet,0x7A178467296f9723f8F245d87F07851163b622cF,,Sent Ethereum To Ethereum address,0.00569100,ETH,-7.08,
04/20/2021 03:11:18,Receive,0a99da487fcee027c6a4c62a7ff3795aa9149dd4ccd4c59124901cffb4f9b712,0.02394011,ETH,0.07695139,55.57,ETH Wallet ...b622cF - ETH,0x7A178467296f9723f8F245d87F07851163b622cF,,,,,,,,,,,,,,
04/20/2021 03:14:35,Trade,0xfd1c0e0b3c024bc5377f4a1ced03f17b6f6792d7e7abc75049e4a508c016ac70,5.00000000,PMON,5.00000000,93.80,ETH Wallet ...b622cF - ETH,0x7A178467296f9723f8F245d87F07851163b622cF,,,,,,,,,,,,,,
04/20/2021 03:14:35,Trade,0xfd1c0e0b3c024bc5377f4a1ced03f17b6f6792d7e7abc75049e4a508c016ac70,0.00017339,ETH,0.07712478,0.40,ETH Wallet ...b622cF - ETH,0x7A178467296f9723f8F245d87F07851163b622cF,,,,,,,,,,,,,,
04/20/2021 03:14:35,Send,0xfd1c0e0b3c024bc5377f4a1ced03f17b6f6792d7e7abc75049e4a508c016ac70,,,,,,,,,0.04013145,ETH,0.03699333,93.16,ETH Wallet ...b622cF - ETH,0x7A178467296f9723f8F245d87F07851163b622cF,,,0.02267866,ETH,0.00,
04/21/2021 22:42:47,Buy,,19.37311300,ADA,292.12482000,25.00,Coinbase - ADA Wallet,,,Bought Cardano Using Chase - TOTAL CHECKING *****6925,25.00,USD,,,Coinbase - Cash (USD),,,Bought Cardano Using Chase - TOTAL CHECKING *****6925,1.49,USD,,
04/23/2021 11:59:20,Receive,,0.00533300,ATOM,6.37544600,0.10,Coinbase - ATOM Wallet,,Staked,Cosmos reward From Coinbase,,,,,,,,,,,,
04/23/2021 12:11:10,Send,,,,,,,,,,0.00351081,BTC,0.00392566,214.89,Coinbase - BTC Wallet,18N6NtyWGg2c4e5sZShgmwciHjLSLn3sQX,,Sent Bitcoin To Bitcoin address,0.00008815,BTC,-39.57,
04/24/2021 07:40:03,Buy,,0.00017966,BTC,0.00410532,10.00,Coinbase - BTC Wallet,,,Bought Bitcoin Using Chase - TOTAL CHECKING *****6925,10.00,USD,,,Coinbase - Cash (USD),,,Bought Bitcoin Using Chase - TOTAL CHECKING *****6925,0.99,USD,,
04/24/2021 14:07:50,Send,567814d5dc359c35d1b0435a204e7fedee861d5f58182c36e4038299caada62c,,,,,,,,,0.00000000,ETH,0.03699333,0.00,ETH Wallet ...b622cF - ETH,0x7A178467296f9723f8F245d87F07851163b622cF,,,0.00242446,ETH,0.00,
04/24/2021 14:11:22,Send,08b8e28ca64f5a46ddd7701ea303c348e7a951664b6b48814e0ccbe578bd8fd1,,,,,,,,,0.00000000,ETH,0.03699333,0.00,ETH Wallet ...b622cF - ETH,0x7A178467296f9723f8F245d87F07851163b622cF,,,0.00242632,ETH,0.00,
04/24/2021 14:14:05,Trade,0xcce8d1f36fcb59f6c40aaef35719b5347fcf2518577771768de9e1164cb7f1a7,,,,,,,,,0.75000000,PMON,4.25000000,14.07,ETH Wallet ...b622cF - ETH,0x7A178467296f9723f8F245d87F07851163b622cF,,,,,-2.17,
04/24/2021 14:14:05,Trade,0xcce8d1f36fcb59f6c40aaef35719b5347fcf2518577771768de9e1164cb7f1a7,,,,,,,,,2.25000000,PMON,2.00000000,42.21,ETH Wallet ...b622cF - ETH,0x7A178467296f9723f8F245d87F07851163b622cF,,,,,-6.51,
04/24/2021 14:14:05,Send,0xcce8d1f36fcb59f6c40aaef35719b5347fcf2518577771768de9e1164cb7f1a7,,,,,,,,,0.00000000,ETH,0.03699333,0.00,ETH Wallet ...b622cF - ETH,0x7A178467296f9723f8F245d87F07851163b622cF,,,0.00587924,ETH,0.00,
04/24/2021 16:46:26,Buy,,0.04291211,ETH,2.01741478,100.00,Coinbase - ETH Wallet,,,Bought Ethereum Using Chase - TOTAL CHECKING *****6925,100.00,USD,,,Coinbase - Cash (USD),,,Bought Ethereum Using Chase - TOTAL CHECKING *****6925,2.99,USD,,
04/24/2021 16:59:16,Buy,,0.00392458,BTC,0.00802990,200.00,Coinbase - BTC Wallet,,,Bought Bitcoin Using Chase - TOTAL CHECKING *****6925,200.00,USD,,,Coinbase - Cash (USD),,,Bought Bitcoin Using Chase - TOTAL CHECKING *****6925,2.99,USD,,
04/25/2021 19:47:52,Receive,,0.02770006,FORTH,0.02770006,1.00,Coinbase - FORTH Wallet,,Payment,Received Ampleforth Governance Token From Coinbase Earn,,,,,,,,,,,,
04/25/2021 19:48:42,Receive,,0.02760677,FORTH,0.05530683,1.00,Coinbase - FORTH Wallet,,Payment,Received Ampleforth Governance Token From Coinbase Earn,,,,,,,,,,,,
04/25/2021 19:49:00,Receive,,0.02760677,FORTH,0.08291360,1.00,Coinbase - FORTH Wallet,,Payment,Received Ampleforth Governance Token From Coinbase Earn,,,,,,,,,,,,
04/25/2021 19:52:10,Trade,,0.00128263,ETH,2.01869741,2.99,Coinbase - ETH Wallet,,,Converted from Ampleforth Governance Token Using FORTH Wallet,0.08291360,FORTH,0.00000000,3.00,Coinbase - FORTH Wallet,,,Converted from Ampleforth Governance Token Using FORTH Wallet,,,-0.01,
04/26/2021 05:09:49,Buy,,0.00367140,ETH,2.02236881,10.00,Coinbase - ETH Wallet,,,Bought Ethereum Using Chase - TOTAL CHECKING *****6925,10.00,USD,,,Coinbase - Cash (USD),,,Bought Ethereum Using Chase - TOTAL CHECKING *****6925,0.99,USD,,
04/26/2021 15:15:51,Trade,,8.98216200,USDC,8.98216200,10.00,Coinbase - USDC Wallet,,,Converted from Polygon Using MATIC Wallet,20.29838628,MATIC,103.92485292,9.00,Coinbase - MATIC Wallet,,,Converted from Polygon Using MATIC Wallet,0.99000000,USDC,1.00,
04/27/2021 22:52:54,Trade,,24.83643400,USDC,33.81859600,27.00,Coinbase - USDC Wallet,,,Converted from Cardano Using ADA Wallet,20.75486200,ADA,271.36995800,29.42,Coinbase - ADA Wallet,,,Converted from Cardano Using ADA Wallet,1.99000000,USDC,-2.42,
04/27/2021 22:53:57,Trade,,27.82568700,USDC,61.64428300,30.00,Coinbase - USDC Wallet,,,Converted from Cosmos Using ATOM Wallet,1.30463100,ATOM,5.07081500,24.18,Coinbase - ATOM Wallet,,,Converted from Cosmos Using ATOM Wallet,1.99000000,USDC,5.82,
04/27/2021 22:55:00,Trade,,18.43784900,USDC,80.08213200,20.00,Coinbase - USDC Wallet,,,Converted from Polygon Using MATIC Wallet,26.70761835,MATIC,77.21723457,11.77,Coinbase - MATIC Wallet,,,Converted from Polygon Using MATIC Wallet,1.49000000,USDC,8.23,
04/30/2021 04:07:05,Receive,,150.00000000,ONE,442.00000000,22.94,Imported Wallet - Crypto.com Wallet - ONE,,,Buy ONE,,,,,,,,,,,,
04/30/2021 04:09:11,Receive,,120.00000000,VET,,24.25,Imported Wallet - Crypto.com Wallet - VET,,,Buy VET,,,,,,,,,,,,
04/30/2021 13:37:13,Receive,,0.00679600,ATOM,5.07761100,0.16,Coinbase - ATOM Wallet,,Staked,Cosmos reward From Coinbase,,,,,,,,,,,,
05/02/2021 03:33:32,Receive,,200.00000000,ONE,642.00000000,28.10,Imported Wallet - Crypto.com Wallet - ONE,,,Buy ONE,,,,,,,,,,,,
05/02/2021 13:39:33,Receive,,0.00105000,USDC,80.08318200,0.00,Coinbase - USDC Wallet,,,USD Coin reward From Coinbase,,,,,,,,,,,,
05/02/2021 15:40:34,Receive,,150.00000000,DOGE,150.00000000,57.39,Imported Wallet - Crypto.com Wallet - DOGE,,,Buy DOGE,,,,,,,,,,,,
05/02/2021 19:44:22,Receive,,220.00000000,VET,,47.40,Imported Wallet - Crypto.com Wallet - VET,,,Buy VET,,,,,,,,,,,,
05/03/2021 16:10:14,Trade,,3.33222500,ATOM,8.40983600,76.65,Coinbase - ATOM Wallet,,,Converted to Cosmos Using USDC Wallet,80.08000000,USDC,0.00318200,87.00,Coinbase - USDC Wallet,,,Converted to Cosmos Using USDC Wallet,0.12983100,ATOM,-10.35,
05/05/2021 00:46:17,Receive,,0.08320700,USDC,0.08320700,0.08,Imported Wallet - Crypto.com Wallet - USDC,,,Adjustment (Credit),,,,,,,,,,,,
05/05/2021 00:46:17,Send,,,,,,,,,,0.08320700,USDm,0.00000000,0.09,Imported Wallet - Crypto.com Wallet - USDm,,,Adjustment (Debit),,,,
05/06/2021 19:28:14,Trade,,0.01060425,BTC,0.01863415,600.00,Coinbase - BTC Wallet,,,Converted from Ethereum Using ETH Wallet,0.17499318,ETH,1.84737563,348.95,Coinbase - ETH Wallet,,,Converted from Ethereum Using ETH Wallet,,,251.05,
05/06/2021 23:21:45,Send,,,,,,,,,,0.00888862,BTC,0.00974553,502.93,Coinbase - BTC Wallet,18N6NtyWGg2c4e5sZShgmwciHjLSLn3sQX,,Sent Bitcoin To Bitcoin address,0.00002936,BTC,-1.30,
05/06/2021 23:23:27,Send,,,,,,,,,,0.08709529,ETH,1.76028034,159.17,Coinbase - ETH Wallet,0x2AA359e5C6985cF859895EF9094B653F2E0EB21c,,Sent Ethereum To Ethereum address,0.00142800,ETH,145.81,
05/07/2021 01:27:32,Sell,,985.10,USD,,,Coinbase - Cash (USD),,,Sold Ethereum Using Cash (USD),0.28881404,ETH,1.47146630,527.82,Coinbase - ETH Wallet,,,Sold Ethereum Using Cash (USD),14.90,USD,457.28,
05/07/2021 01:28:40,Send,,,,,,,,,,985.10,USD,,,Coinbase - Cash (USD),,,Withdrew funds To Chase - TOTAL CHECKING *****6925,,,,
05/07/2021 04:05:22,Trade,,5.93143300,USDC,6.01464000,7.17,Imported Wallet - Crypto.com Wallet - USDC,,,DOGE -> USDC,10.50000000,DOGE,139.50000000,4.02,Imported Wallet - Crypto.com Wallet - DOGE,,,DOGE -> USDC,,,3.15,
05/07/2021 04:06:12,Trade,,46.00000000,ONE,688.00000000,5.88,Imported Wallet - Crypto.com Wallet - ONE,,,USDC -> ONE,5.88161400,USDC,0.13302600,7.11,Imported Wallet - Crypto.com Wallet - USDC,,,USDC -> ONE,,,-1.23,
05/07/2021 12:07:44,Receive,,0.00516800,ATOM,8.41500400,0.13,Coinbase - ATOM Wallet,,Staked,Cosmos reward From Coinbase,,,,,,,,,,,,
05/07/2021 23:40:59,Transfer,,3.00000000,ATOM,3.00000000,,Coinbase Pro - ATOM,,,,3.00000000,ATOM,5.41500400,,Coinbase - ATOM Wallet,,,Transferred Cosmos To Coinbase Pro,,,,
05/07/2021 23:43:39,Transfer,,3.00000000,ATOM,8.41500400,,Coinbase - ATOM Wallet,,,Transferred Cosmos From Coinbase Pro,3.00000000,ATOM,,,Coinbase Pro - ATOM,,,,,,,
05/08/2021 07:20:50,Trade,,95.89930300,USDC,96.03232900,92.01,Imported Wallet - Crypto.com Wallet - USDC,,,DOGE -> USDC,139.50000000,DOGE,0.00000000,53.37,Imported Wallet - Crypto.com Wallet - DOGE,,,DOGE -> USDC,,,38.64,
05/08/2021 07:24:25,Trade,,80.00000000,VET,,18.28,Imported Wallet - Crypto.com Wallet - VET,,,USDC -> VET,18.22905800,USDC,77.80327100,17.51,Imported Wallet - Crypto.com Wallet - USDC,,,USDC -> VET,,,0.78,
05/08/2021 07:25:23,Trade,,150.00000000,ONE,838.00000000,20.02,Imported Wallet - Crypto.com Wallet - ONE,,,USDC -> ONE,19.95865700,USDC,57.84461400,19.15,Imported Wallet - Crypto.com Wallet - USDC,,,USDC -> ONE,,,0.87,
05/08/2021 17:17:56,Trade,,25.74130000,AUDIO,25.74130000,58.02,Imported Wallet - Crypto.com Wallet - AUDIO,,,USDC -> AUDIO,57.84456200,USDC,0.00005200,55.50,Imported Wallet - Crypto.com Wallet - USDC,,,USDC -> AUDIO,,,2.52,
05/08/2021 17:54:56,Receive,,25.00000000,AUDIO,50.74130000,55.93,Imported Wallet - Crypto.com Wallet - AUDIO,,,Buy AUDIO,,,,,,,,,,,,
05/11/2021 04:55:24,Buy,,57.46558917,MATIC,134.68282374,50.00,Coinbase - MATIC Wallet,,,Bought Polygon Using Chase - TOTAL CHECKING *****6925,50.00,USD,,,Coinbase - Cash (USD),,,Bought Polygon Using Chase - TOTAL CHECKING *****6925,1.99,USD,,
05/11/2021 04:57:22,Trade,,3.90468900,ATOM,12.31969300,100.07,Coinbase - ATOM Wallet,,,Converted from Decentraland Using MANA Wallet,73.43127842,MANA,48.59865605,74.65,Coinbase - MANA Wallet,,,Converted from Decentraland Using MANA Wallet,,,25.42,
05/11/2021 04:59:02,Trade,,77.56283455,MATIC,212.24565829,64.63,Coinbase - MATIC Wallet,,,Converted to Polygon Using MANA Wallet,48.59865605,MANA,0.00000000,48.22,Coinbase - MANA Wallet,,,Converted to Polygon Using MANA Wallet,,,16.41,
05/14/2021 13:14:48,Receive,,0.00357800,ATOM,12.32327100,0.09,Coinbase - ATOM Wallet,,Staked,Cosmos reward From Coinbase,,,,,,,,,,,,
05/15/2021 02:49:03,Trade,,166.51782700,USDC,166.52100900,170.00,Coinbase - USDC Wallet,,,Converted from Polygon Using MATIC Wallet,97.50501864,MATIC,114.74063965,83.36,Coinbase - MATIC Wallet,,,Converted from Polygon Using MATIC Wallet,2.99000000,USDC,86.64,
05/15/2021 07:28:53,Buy,,28.39396101,MATIC,143.13460066,50.00,Coinbase - MATIC Wallet,,,Bought Polygon Using Chase - TOTAL CHECKING *****6925,50.00,USD,,,Coinbase - Cash (USD),,,Bought Polygon Using Chase - TOTAL CHECKING *****6925,1.99,USD,,
05/18/2021 01:56:48,Buy,,0.00106076,BTC,0.01080629,50.00,Coinbase - BTC Wallet,,,Bought Bitcoin Using Chase - TOTAL CHECKING *****6925,50.00,USD,,,Coinbase - Cash (USD),,,Bought Bitcoin Using Chase - TOTAL CHECKING *****6925,1.99,USD,,
05/18/2021 01:58:38,Buy,,0.01404629,ETH,1.48551259,50.00,Coinbase - ETH Wallet,,,Bought Ethereum Using Chase - TOTAL CHECKING *****6925,50.00,USD,,,Coinbase - Cash (USD),,,Bought Ethereum Using Chase - TOTAL CHECKING *****6925,1.99,USD,,
05/18/2021 23:04:10,Trade,,0.01890910,ETH,1.50442169,66.52,Coinbase - ETH Wallet,,,Converted from USD Coin Using USDC Wallet,66.52000000,USDC,100.00100900,67.91,Coinbase - USDC Wallet,,,Converted from USD Coin Using USDC Wallet,0.00089221,ETH,-1.39,
05/18/2021 23:07:16,Trade,,0.00226992,BTC,0.01307621,100.00,Coinbase - BTC Wallet,,,Converted from USD Coin Using USDC Wallet,100.00000000,USDC,0.00100900,102.09,Coinbase - USDC Wallet,,,Converted from USD Coin Using USDC Wallet,0.00007000,BTC,-2.09,
05/19/2021 18:22:59,Buy,,3.06127200,ATOM,15.38454300,50.00,Coinbase - ATOM Wallet,,,Bought Cosmos Using Chase - TOTAL CHECKING *****6925,50.00,USD,,,Coinbase - Cash (USD),,,Bought Cosmos Using Chase - TOTAL CHECKING *****6925,1.99,USD,,
05/21/2021 14:32:03,Receive,,0.00521800,ATOM,15.38976100,0.08,Coinbase - ATOM Wallet,,Staked,Cosmos reward From Coinbase,,,,,,,,,,,,
05/21/2021 17:05:32,Trade,,1.00000000,ETH2,,,Coinbase - ETH2 Wallet,,,Converted to Ethereum 2 Using ETH Wallet,1.00000000,ETH,,,Coinbase - ETH Wallet,,,Converted to Ethereum 2 Using ETH Wallet,,,,
05/25/2021 02:24:22,Buy,,5.27518336,MATIC,148.40978402,10.00,Coinbase - MATIC Wallet,,,Bought Polygon Using Chase - TOTAL CHECKING *****6925,10.00,USD,,,Coinbase - Cash (USD),,,Bought Polygon Using Chase - TOTAL CHECKING *****6925,0.99,USD,,
05/27/2021 00:38:50,Buy,,0.01707619,ETH,1.52149788,50.00,Coinbase - ETH Wallet,,,Bought Ethereum Using Chase - TOTAL CHECKING *****6925,50.00,USD,,,Coinbase - Cash (USD),,,Bought Ethereum Using Chase - TOTAL CHECKING *****6925,1.99,USD,,
05/28/2021 18:13:32,Receive,,0.00708800,ATOM,15.39684900,0.09,Coinbase - ATOM Wallet,,Staked,Cosmos reward From Coinbase,,,,,,,,,,,,
05/30/2021 07:42:36,Receive,,0.51498610,MATIC,148.92477012,1.00,Coinbase - MATIC Wallet,,Payment,Received Polygon From Coinbase Earn,,,,,,,,,,,,
05/30/2021 07:43:03,Receive,,0.51498610,MATIC,149.43975622,1.00,Coinbase - MATIC Wallet,,Payment,Received Polygon From Coinbase Earn,,,,,,,,,,,,
05/30/2021 07:43:21,Receive,,0.51498610,MATIC,149.95474232,1.00,Coinbase - MATIC Wallet,,Payment,Received Polygon From Coinbase Earn,,,,,,,,,,,,
06/01/2021 04:12:19,Buy,,4.74552957,MATIC,154.70027189,10.00,Coinbase - MATIC Wallet,,,Bought Polygon Using Chase - TOTAL CHECKING *****6925,10.00,USD,,,Coinbase - Cash (USD),,,Bought Polygon Using Chase - TOTAL CHECKING *****6925,0.99,USD,,
06/01/2021 07:28:33,Buy,,0.01805394,ETH,1.53955182,50.00,Coinbase - ETH Wallet,,,Bought Ethereum Using Chase - TOTAL CHECKING *****6925,50.00,USD,,,Coinbase - Cash (USD),,,Bought Ethereum Using Chase - TOTAL CHECKING *****6925,1.99,USD,,
06/01/2021 07:48:27,Buy,,0.00129789,BTC,0.01437410,50.00,Coinbase - BTC Wallet,,,Bought Bitcoin Using Chase - TOTAL CHECKING *****6925,50.00,USD,,,Coinbase - Cash (USD),,,Bought Bitcoin Using Chase - TOTAL CHECKING *****6925,1.99,USD,,
06/02/2021 18:05:47,Receive,,0.00350800,USDC,0.00451700,0.00,Coinbase - USDC Wallet,,,USD Coin reward From Coinbase,,,,,,,,,,,,
06/04/2021 11:58:47,Receive,,0.01216300,ATOM,15.40901200,0.18,Coinbase - ATOM Wallet,,Staked,Cosmos reward From Coinbase,,,,,,,,,,,,
06/06/2021 14:28:37,Receive,,150.00000000,ONE,988.00000000,14.48,Imported Wallet - Crypto.com Wallet - ONE,,,Buy ONE,,,,,,,,,,,,
06/08/2021 03:44:56,Buy,,13.08369002,MATIC,167.78396191,20.00,Coinbase - MATIC Wallet,,,Bought Polygon Using Chase - TOTAL CHECKING *****6925,20.00,USD,,,Coinbase - Cash (USD),,,Bought Polygon Using Chase - TOTAL CHECKING *****6925,1.49,USD,,
06/08/2021 03:49:52,Buy,,6.30314103,MATIC,174.08710294,10.00,Coinbase - MATIC Wallet,,,Bought Polygon Using Chase - TOTAL CHECKING *****6925,10.00,USD,,,Coinbase - Cash (USD),,,Bought Polygon Using Chase - TOTAL CHECKING *****6925,0.99,USD,,
06/11/2021 13:28:21,Receive,,0.01408300,ATOM,15.42309500,0.18,Coinbase - ATOM Wallet,,Staked,Cosmos reward From Coinbase,,,,,,,,,,,,
06/13/2021 04:04:32,Receive,,17.62114537,AMP,17.62114537,1.00,Coinbase - AMP Wallet,,Payment,Received Amp From Coinbase Earn,,,,,,,,,,,,
06/13/2021 04:05:04,Receive,,17.62114537,AMP,35.24229074,1.00,Coinbase - AMP Wallet,,Payment,Received Amp From Coinbase Earn,,,,,,,,,,,,
06/13/2021 04:05:27,Receive,,17.62114537,AMP,52.86343611,1.00,Coinbase - AMP Wallet,,Payment,Received Amp From Coinbase Earn,,,,,,,,,,,,
06/13/2021 04:08:16,Trade,,2.13624905,MATIC,176.22335199,2.99,Coinbase - MATIC Wallet,,,Converted from Amp Using AMP Wallet,52.86343611,AMP,0.00000000,3.00,Coinbase - AMP Wallet,,,Converted from Amp Using AMP Wallet,,,-0.01,
06/15/2021 04:04:19,Buy,,5.61080878,MATIC,181.83416077,10.00,Coinbase - MATIC Wallet,,,Bought Polygon Using Chase - TOTAL CHECKING *****6925,10.00,USD,,,Coinbase - Cash (USD),,,Bought Polygon Using Chase - TOTAL CHECKING *****6925,0.99,USD,,
06/15/2021 05:07:01,Receive,,100.00000000,VET,,11.16,Imported Wallet - Crypto.com Wallet - VET,,,Buy VET,,,,,,,,,,,,
06/15/2021 08:09:49,Buy,,0.01825659,ETH,1.55780841,50.00,Coinbase - ETH Wallet,,,Bought Ethereum Using Chase - TOTAL CHECKING *****6925,50.00,USD,,,Coinbase - Cash (USD),,,Bought Ethereum Using Chase - TOTAL CHECKING *****6925,1.99,USD,,
06/15/2021 08:16:17,Buy,,0.00118507,BTC,0.01555917,50.00,Coinbase - BTC Wallet,,,Bought Bitcoin Using Chase - TOTAL CHECKING *****6925,50.00,USD,,,Coinbase - Cash (USD),,,Bought Bitcoin Using Chase - TOTAL CHECKING *****6925,1.99,USD,,
06/16/2021 03:43:37,Trade,0xf0dae1d3c7d2422a1262362d6b6b745316206ef259fe59eb59fe44ca6553ce0f,28.34060291,HEX,28.34060291,2.38,ETH Wallet ...b622cF - ETH,0x7A178467296f9723f8F245d87F07851163b622cF,,,0.00100000,ETH,0.03599333,3.56,ETH Wallet ...b622cF - ETH,0x7A178467296f9723f8F245d87F07851163b622cF,,,0.00172876,ETH,-1.18,
06/18/2021 12:10:08,Receive,,0.01649600,ATOM,15.43959100,0.21,Coinbase - ATOM Wallet,,Staked,Cosmos reward From Coinbase,,,,,,,,,,,,
06/22/2021 04:22:35,Buy,,7.47437714,MATIC,189.30853791,10.00,Coinbase - MATIC Wallet,,,Bought Polygon Using Chase - TOTAL CHECKING *****6925,10.00,USD,,,Coinbase - Cash (USD),,,Bought Polygon Using Chase - TOTAL CHECKING *****6925,0.99,USD,,
06/25/2021 13:34:35,Receive,,0.01272900,ATOM,15.45232000,0.12,Coinbase - ATOM Wallet,,Staked,Cosmos reward From Coinbase,,,,,,,,,,,,
06/26/2021 02:32:05,Receive,,0.03309067,BOND,0.03309067,1.00,Coinbase - BOND Wallet,,Payment,Received BarnBridge From Coinbase Earn,,,,,,,,,,,,
06/26/2021 02:33:00,Receive,,0.03309067,BOND,0.06618134,1.00,Coinbase - BOND Wallet,,Payment,Received BarnBridge From Coinbase Earn,,,,,,,,,,,,
06/26/2021 02:33:39,Receive,,0.03309067,BOND,0.09927201,1.00,Coinbase - BOND Wallet,,Payment,Received BarnBridge From Coinbase Earn,,,,,,,,,,,,
06/26/2021 02:36:29,Trade,,2.76741419,MATIC,192.07595210,3.01,Coinbase - MATIC Wallet,,,Converted from BarnBridge Using BOND Wallet,0.09927201,BOND,0.00000000,3.00,Coinbase - BOND Wallet,,,Converted from BarnBridge Using BOND Wallet,,,0.01,
06/29/2021 03:54:30,Buy,,7.95635977,MATIC,200.03231187,10.00,Coinbase - MATIC Wallet,,,Bought Polygon Using Chase - TOTAL CHECKING *****6925,10.00,USD,,,Coinbase - Cash (USD),,,Bought Polygon Using Chase - TOTAL CHECKING *****6925,0.99,USD,,
07/01/2021 08:03:33,Buy,,0.00143231,BTC,0.01699148,50.00,Coinbase - BTC Wallet,,,Bought Bitcoin Using Chase - TOTAL CHECKING *****6925,50.00,USD,,,Coinbase - Cash (USD),,,Bought Bitcoin Using Chase - TOTAL CHECKING *****6925,1.99,USD,,
07/01/2021 08:12:48,Buy,,0.02237282,ETH,1.58018123,50.00,Coinbase - ETH Wallet,,,Bought Ethereum Using Chase - TOTAL CHECKING *****6925,50.00,USD,,,Coinbase - Cash (USD),,,Bought Ethereum Using Chase - TOTAL CHECKING *****6925,1.99,USD,,
07/02/2021 11:38:58,Receive,,0.00843500,ATOM,15.46075500,0.09,Coinbase - ATOM Wallet,,Staked,Cosmos reward From Coinbase,,,,,,,,,,,,
07/06/2021 07:11:28,Buy,,7.82585936,MATIC,207.85817123,10.00,Coinbase - MATIC Wallet,,,Bought Polygon Using Chase - TOTAL CHECKING *****6925,10.00,USD,,,Coinbase - Cash (USD),,,Bought Polygon Using Chase - TOTAL CHECKING *****6925,0.99,USD,,
07/06/2021 08:06:35,Receive,,0.04591194,ETH,1.62609317,107.27,Coinbase - ETH Wallet,,,Received Ethereum From Ethereum address,,,,,,,,,,,,
07/09/2021 05:25:23,Buy,,6.66803600,ADA,278.03799400,10.00,Coinbase - ADA Wallet,,,Bought Cardano Using Chase - TOTAL CHECKING *****6925,10.00,USD,,,Coinbase - Cash (USD),,,Bought Cardano Using Chase - TOTAL CHECKING *****6925,0.99,USD,,
07/09/2021 13:44:37,Trade,,1314.87763400,USDC,1314.88215100,1314.88,Coinbase - USDC Wallet,,,Converted to USD Coin Using ETH Wallet,0.62609317,ETH,1.00000000,1279.77,Coinbase - ETH Wallet,,,Converted to USD Coin Using ETH Wallet,19.59167700,USDC,35.11,
07/09/2021 18:54:54,Receive,,0.00718700,ATOM,15.46794200,0.09,Coinbase - ATOM Wallet,,Staked,Cosmos reward From Coinbase,,,,,,,,,,,,
07/12/2021 20:39:00,Trade,,0.63767965,ETH,1.63767965,1314.88,Coinbase - ETH Wallet,,,Converted from USD Coin Using USDC Wallet,1314.88000000,USDC,0.00215100,1314.88,Coinbase - USDC Wallet,,,Converted from USD Coin Using USDC Wallet,0.00950144,ETH,-0.00,
07/13/2021 06:27:19,Buy,,9.19622719,MATIC,217.05439842,10.00,Coinbase - MATIC Wallet,,,Bought Polygon Using Chase - TOTAL CHECKING *****6925,10.00,USD,,,Coinbase - Cash (USD),,,Bought Polygon Using Chase - TOTAL CHECKING *****6925,0.99,USD,,
07/15/2021 11:40:57,Buy,,0.00149724,BTC,0.01848872,50.00,Coinbase - BTC Wallet,,,Bought Bitcoin Using Chase - TOTAL CHECKING *****6925,50.00,USD,,,Coinbase - Cash (USD),,,Bought Bitcoin Using Chase - TOTAL CHECKING *****6925,1.99,USD,,
07/15/2021 11:52:32,Buy,,0.02491901,ETH,1.66259866,50.00,Coinbase - ETH Wallet,,,Bought Ethereum Using Chase - TOTAL CHECKING *****6925,50.00,USD,,,Coinbase - Cash (USD),,,Bought Ethereum Using Chase - TOTAL CHECKING *****6925,1.99,USD,,
07/16/2021 11:52:01,Receive,,0.01254400,ATOM,15.48048600,0.14,Coinbase - ATOM Wallet,,Staked,Cosmos reward From Coinbase,,,,,,,,,,,,
07/16/2021 12:15:55,Buy,,7.61137000,ADA,285.64936400,10.00,Coinbase - ADA Wallet,,,Bought Cardano Using Chase - TOTAL CHECKING *****6925,10.00,USD,,,Coinbase - Cash (USD),,,Bought Cardano Using Chase - TOTAL CHECKING *****6925,0.99,USD,,
07/16/2021 17:55:13,Buy,,15.15877400,ADA,300.80813800,20.00,Coinbase - ADA Wallet,,,Bought Cardano Using Chase - TOTAL CHECKING *****6925,20.00,USD,,,Coinbase - Cash (USD),,,Bought Cardano Using Chase - TOTAL CHECKING *****6925,1.49,USD,,
07/16/2021 18:04:08,Receive,,200.00000000,VET,,13.07,Imported Wallet - Crypto.com Wallet - VET,,,Buy VET,,,,,,,,,,,,
07/18/2021 16:52:09,Transfer,64e50abb6d7c6f16eeab3ce0ce4befcb08937ae5a58a424ed872a3ae240830be,0.26355392,ETH,0.29954725,,ETH Wallet ...b622cF - ETH,0x7A178467296f9723f8F245d87F07851163b622cF,,,0.26433092,ETH,1.39826774,,Coinbase - ETH Wallet,0x7A178467296f9723f8F245d87F07851163b622cF,,Sent Ethereum To Ethereum address,0.00077700,ETH,,
07/18/2021 17:01:22,Trade,0xaead3d6c7236ce5fa3304b59e173315d430d1ddefd7d17cc201f7f87b23b68ad,996.43924303,HEX,1024.77984594,151.75,ETH Wallet ...b622cF - ETH,0x7A178467296f9723f8F245d87F07851163b622cF,,,0.08000000,ETH,0.21954725,164.96,ETH Wallet ...b622cF - ETH,0x7A178467296f9723f8F245d87F07851163b622cF,,,0.00305382,ETH,-13.21,
07/18/2021 17:01:22,Send,351ce1b4edd4e233153df57b39660361b5b5d3a5c3eefdc2e3d06fb5c3df90d7,,,,,,,,,0.05270000,ETH,0.16684725,108.67,ETH Wallet ...b622cF - ETH,0x7A178467296f9723f8F245d87F07851163b622cF,,,0.00052500,ETH,-8.70,
07/18/2021 17:14:04,Send,0xdefad48595c5cc4f014acbf4a8ce7b7b32e43432b86f734deee21b3de8e769e0,,,,,,,,,1000.00000000,HEX,24.77984594,152.05,ETH Wallet ...b622cF - ETH,0x7A178467296f9723f8F245d87F07851163b622cF,,,0.00226745,ETH,-3.91,
07/18/2021 17:23:18,Trade,0xb97d405f1749bb586cb56338ad60c4d1d99633169a51b6a7a773fed673958813,656.47605762,HEX,681.25590356,100.35,ETH Wallet ...b622cF - ETH,0x7A178467296f9723f8F245d87F07851163b622cF,,,0.05290000,ETH,0.11394725,109.08,ETH Wallet ...b622cF - ETH,0x7A178467296f9723f8F245d87F07851163b622cF,,,0.00327205,ETH,-8.73,
07/20/2021 06:07:45,Buy,,13.53349427,MATIC,230.58789269,10.00,Coinbase - MATIC Wallet,,,Bought Polygon Using Chase - TOTAL CHECKING *****6925,10.00,USD,,,Coinbase - Cash (USD),,,Bought Polygon Using Chase - TOTAL CHECKING *****6925,0.99,USD,,
07/23/2021 11:24:59,Buy,,7.59268700,ADA,308.40082500,10.00,Coinbase - ADA Wallet,,,Bought Cardano Using Chase - TOTAL CHECKING *****6925,10.00,USD,,,Coinbase - Cash (USD),,,Bought Cardano Using Chase - TOTAL CHECKING *****6925,0.99,USD,,
07/23/2021 15:55:46,Buy,,20.50992255,MATIC,251.09781524,20.00,Coinbase - MATIC Wallet,,,Bought Polygon Using Chase - TOTAL CHECKING *****6925,20.00,USD,,,Coinbase - Cash (USD),,,Bought Polygon Using Chase - TOTAL CHECKING *****6925,1.49,USD,,
07/23/2021 15:58:57,Receive,,150.00000000,ONE,1138.00000000,10.49,Imported Wallet - Crypto.com Wallet - ONE,,,Buy ONE,,,,,,,,,,,,
07/24/2021 13:39:19,Receive,,0.05181492,BAL,0.05181492,1.00,Coinbase - BAL Wallet,,Payment,Received Balancer From Coinbase Earn,,,,,,,,,,,,
07/24/2021 13:40:24,Receive,,0.05177085,BAL,0.10358577,1.00,Coinbase - BAL Wallet,,Payment,Received Balancer From Coinbase Earn,,,,,,,,,,,,
07/24/2021 13:41:11,Receive,,0.05176852,BAL,0.15535429,1.00,Coinbase - BAL Wallet,,Payment,Received Balancer From Coinbase Earn,,,,,,,,,,,,
07/24/2021 13:42:14,Receive,,0.86206897,CLV,0.86206897,1.00,Coinbase - CLV Wallet,,Payment,Received Clover From Coinbase Earn,,,,,,,,,,,,
07/24/2021 13:43:05,Receive,,0.85470085,CLV,1.71676982,1.00,Coinbase - CLV Wallet,,Payment,Received Clover From Coinbase Earn,,,,,,,,,,,,
07/24/2021 13:43:27,Receive,,0.85470085,CLV,2.57147067,1.00,Coinbase - CLV Wallet,,Payment,Received Clover From Coinbase Earn,,,,,,,,,,,,
07/24/2021 13:44:27,Receive,,1.69952413,GRT,1.69952413,1.00,Coinbase - GRT Wallet,,Payment,Received The Graph From Coinbase Earn,,,,,,,,,,,,
07/24/2021 13:47:20,Trade,,0.00008643,BTC,0.01857515,2.98,Coinbase - BTC Wallet,,,Converted from Balancer Using BAL Wallet,0.15535429,BAL,0.00000000,3.00,Coinbase - BAL Wallet,,,Converted from Balancer Using BAL Wallet,,,-0.02,
07/24/2021 13:49:14,Trade,,0.00002880,BTC,0.01860395,0.99,Coinbase - BTC Wallet,,,Converted from The Graph Using GRT Wallet,1.69952413,GRT,0.00000000,1.00,Coinbase - GRT Wallet,,,Converted from The Graph Using GRT Wallet,,,-0.01,
07/24/2021 13:51:12,Trade,,0.00008648,BTC,0.01869043,2.98,Coinbase - BTC Wallet,,,Converted from Clover Finance Using CLV Wallet,2.57147067,CLV,0.00000000,3.00,Coinbase - CLV Wallet,,,Converted from Clover Finance Using CLV Wallet,,,-0.02,
07/27/2021 06:46:48,Buy,,9.01870099,MATIC,260.11651623,10.00,Coinbase - MATIC Wallet,,,Bought Polygon Using Chase - TOTAL CHECKING *****6925,10.00,USD,,,Coinbase - Cash (USD),,,Bought Polygon Using Chase - TOTAL CHECKING *****6925,0.99,USD,,
07/31/2021 01:37:15,Receive,,0.01468400,ATOM,15.49517000,0.18,Coinbase - ATOM Wallet,,Staked,Cosmos reward From Coinbase,,,,,,,,,,,,
08/02/2021 00:52:41,Buy,,0.00120434,BTC,0.01989477,50.00,Coinbase - BTC Wallet,,,Bought Bitcoin Using Chase - TOTAL CHECKING *****6925,50.00,USD,,,Coinbase - Cash (USD),,,Bought Bitcoin Using Chase - TOTAL CHECKING *****6925,1.99,USD,,
08/02/2021 07:57:47,Buy,,0.01823380,ETH,1.41650154,50.00,Coinbase - ETH Wallet,,,Bought Ethereum Using Chase - TOTAL CHECKING *****6925,50.00,USD,,,Coinbase - Cash (USD),,,Bought Ethereum Using Chase - TOTAL CHECKING *****6925,1.99,USD,,
08/03/2021 04:35:25,Buy,,8.68260575,MATIC,268.79912198,10.00,Coinbase - MATIC Wallet,,,Bought Polygon Using Chase - TOTAL CHECKING *****6925,10.00,USD,,,Coinbase - Cash (USD),,,Bought Polygon Using Chase - TOTAL CHECKING *****6925,0.99,USD,,
08/06/2021 18:11:53,Receive,,0.00745400,ATOM,15.50262400,0.10,Coinbase - ATOM Wallet,,Staked,Cosmos reward From Coinbase,,,,,,,,,,,,
08/07/2021 03:02:38,Receive,,0.01775300,USDC,0.01990400,0.02,Coinbase - USDC Wallet,,,USD Coin reward From Coinbase,,,,,,,,,,,,
08/10/2021 05:10:58,Buy,,7.96766744,MATIC,276.76678942,10.00,Coinbase - MATIC Wallet,,,Bought Polygon Using Chase - TOTAL CHECKING *****6925,10.00,USD,,,Coinbase - Cash (USD),,,Bought Polygon Using Chase - TOTAL CHECKING *****6925,0.99,USD,,
08/13/2021 16:32:17,Receive,,130.00000000,VET,,15.66,Imported Wallet - Crypto.com Wallet - VET,,,Buy VET,,,,,,,,,,,,
08/15/2021 11:45:22,Buy,,0.01510748,ETH,1.43160902,50.00,Coinbase - ETH Wallet,,,Bought Ethereum Using Chase - TOTAL CHECKING *****6925,50.00,USD,,,Coinbase - Cash (USD),,,Bought Ethereum Using Chase - TOTAL CHECKING *****6925,1.99,USD,,
08/15/2021 17:06:47,Buy,,0.00104521,BTC,0.02093998,50.00,Coinbase - BTC Wallet,,,Bought Bitcoin Using Chase - TOTAL CHECKING *****6925,50.00,USD,,,Coinbase - Cash (USD),,,Bought Bitcoin Using Chase - TOTAL CHECKING *****6925,1.99,USD,,
08/16/2021 01:40:44,Receive,,0.00876900,ATOM,15.51139300,0.14,Coinbase - ATOM Wallet,,Staked,Cosmos reward From Coinbase,,,,,,,,,,,,
08/16/2021 01:46:44,Buy,,12.46643458,MATIC,289.23322400,20.00,Coinbase - MATIC Wallet,,,Bought Polygon Using Chase - TOTAL CHECKING *****6925,20.00,USD,,,Coinbase - Cash (USD),,,Bought Polygon Using Chase - TOTAL CHECKING *****6925,1.49,USD,,
08/17/2021 04:13:35,Trade,,84.46250400,USDC,84.46255600,75.40,Imported Wallet - Crypto.com Wallet - USDC,,,AUDIO -> USDC,25.00000000,AUDIO,25.74130000,56.35,Imported Wallet - Crypto.com Wallet - AUDIO,,,AUDIO -> USDC,,,19.05,
08/20/2021 12:16:35,Receive,,0.01212500,ATOM,15.52351800,0.23,Coinbase - ATOM Wallet,,Staked,Cosmos reward From Coinbase,,,,,,,,,,,,
08/20/2021 16:34:23,Send,0x2763df92d97ca5a9b09718502d9b88567206ada1bb35987df7786ae014387e0f,,,,,,,,,681.25590356,HEX,0.00000000,102.42,ETH Wallet ...b622cF - ETH,0x7A178467296f9723f8F245d87F07851163b622cF,,,0.00386375,ETH,17.13,
08/23/2021 05:25:29,Buy,,11.09237625,MATIC,300.32560025,20.00,Coinbase - MATIC Wallet,,,Bought Polygon Using Chase - TOTAL CHECKING *****6925,20.00,USD,,,Coinbase - Cash (USD),,,Bought Polygon Using Chase - TOTAL CHECKING *****6925,1.49,USD,,
08/24/2021 01:41:40,Receive,,1.82315406,FET,1.82315406,1.00,Coinbase - FET Wallet,,Payment,Received Fetch.ai From Coinbase Earn,,,,,,,,,,,,
08/24/2021 01:42:09,Receive,,1.82315406,FET,3.64630812,1.00,Coinbase - FET Wallet,,Payment,Received Fetch.ai From Coinbase Earn,,,,,,,,,,,,
08/24/2021 01:43:29,Receive,,1.82515057,FET,5.47145869,1.00,Coinbase - FET Wallet,,Payment,Received Fetch.ai From Coinbase Earn,,,,,,,,,,,,
08/24/2021 01:46:10,Trade,,0.00089068,ETH,1.43249970,3.00,Coinbase - ETH Wallet,,,Converted from Fetch.ai Using FET Wallet,5.47145869,FET,0.00000000,3.00,Coinbase - FET Wallet,,,Converted from Fetch.ai Using FET Wallet,,,-0.00,
08/27/2021 13:52:05,Buy,,109.21855984,GRT,109.21855984,100.00,Coinbase - GRT Wallet,,,Bought The Graph Using Chase - TOTAL CHECKING *****6925,100.00,USD,,,Coinbase - Cash (USD),,,Bought The Graph Using Chase - TOTAL CHECKING *****6925,2.99,USD,,
08/27/2021 15:52:49,Trade,,404.50000000,VET,,49.99,Imported Wallet - Crypto.com Wallet - VET,,,USDC -> VET,50.00000000,USDC,34.46255600,44.64,Imported Wallet - Crypto.com Wallet - USDC,,,USDC -> VET,,,5.35,
08/27/2021 15:53:31,Trade,,13.63000000,AUDIO,39.37130000,34.46,Imported Wallet - Crypto.com Wallet - AUDIO,,,USDC -> AUDIO,34.46255600,USDC,0.00000000,30.76,Imported Wallet - Crypto.com Wallet - USDC,,,USDC -> AUDIO,,,3.69,
08/27/2021 16:55:04,Receive,,0.01517200,ATOM,15.53869000,0.30,Coinbase - ATOM Wallet,,Staked,Cosmos reward From Coinbase,,,,,,,,,,,,
08/28/2021 02:05:00,Send,4c1d89439d7b3d7e05870b6327d32000100af44b3066ff2b938d51c79d1fd9d1,,,,,,,,,0.06391619,ETH,0.05003106,164.21,ETH Wallet ...b622cF - ETH,0x7A178467296f9723f8F245d87F07851163b622cF,,,0.00130149,ETH,43.45,
08/30/2021 08:07:28,Buy,,13.31790904,MATIC,313.64350929,20.00,Coinbase - MATIC Wallet,,,Bought Polygon Using Chase - TOTAL CHECKING *****6925,20.00,USD,,,Coinbase - Cash (USD),,,Bought Polygon Using Chase - TOTAL CHECKING *****6925,1.49,USD,,
09/02/2021 01:44:49,Buy,,0.00096347,BTC,0.02190345,50.00,Coinbase - BTC Wallet,,,Bought Bitcoin Using Chase - TOTAL CHECKING *****6925,50.00,USD,,,Coinbase - Cash (USD),,,Bought Bitcoin Using Chase - TOTAL CHECKING *****6925,1.99,USD,,
09/02/2021 05:22:23,Buy,,0.01268566,ETH,1.44518536,50.00,Coinbase - ETH Wallet,,,Bought Ethereum Using Chase - TOTAL CHECKING *****6925,50.00,USD,,,Coinbase - Cash (USD),,,Bought Ethereum Using Chase - TOTAL CHECKING *****6925,1.99,USD,,
09/06/2021 05:20:31,Buy,,10.87688220,MATIC,324.52039149,20.00,Coinbase - MATIC Wallet,,,Bought Polygon Using Chase - TOTAL CHECKING *****6925,20.00,USD,,,Coinbase - Cash (USD),,,Bought Polygon Using Chase - TOTAL CHECKING *****6925,1.49,USD,,
09/08/2021 03:41:53,Buy,,5.41785700,ADA,313.81868200,15.00,Coinbase - ADA Wallet,,,Bought Cardano Using Chase - TOTAL CHECKING *****6925,15.00,USD,,,Coinbase - Cash (USD),,,Bought Cardano Using Chase - TOTAL CHECKING *****6925,1.49,USD,,
09/08/2021 03:43:23,Buy,,11.00561518,GRT,120.22417502,10.00,Coinbase - GRT Wallet,,,Bought The Graph Using Chase - TOTAL CHECKING *****6925,10.00,USD,,,Coinbase - Cash (USD),,,Bought The Graph Using Chase - TOTAL CHECKING *****6925,0.99,USD,,
09/08/2021 22:29:17,Receive,,0.02986000,ATOM,15.56855000,0.62,Coinbase - ATOM Wallet,,Staked,Cosmos reward From Coinbase,,,,,,,,,,,,
09/13/2021 03:04:07,Trade,,206.60849200,USDC,206.62839600,210.17,Coinbase - USDC Wallet,,,Converted from Cosmos Using ATOM Wallet,6.39464100,ATOM,9.17390900,157.37,Coinbase - ATOM Wallet,,,Converted from Cosmos Using ATOM Wallet,3.07846700,USDC,52.80,
09/13/2021 17:49:14,Trade,,137.23933600,USDC,343.86773200,140.52,Coinbase - USDC Wallet,,,Converted from Cosmos Using ATOM Wallet,3.79008400,ATOM,5.38382500,70.89,Coinbase - ATOM Wallet,,,Converted from Cosmos Using ATOM Wallet,2.99000000,USDC,69.63,
09/14/2021 03:58:40,Buy,,7.07702410,MATIC,331.59741559,10.00,Coinbase - MATIC Wallet,,,Bought Polygon Using Chase - TOTAL CHECKING *****6925,10.00,USD,,,Coinbase - Cash (USD),,,Bought Polygon Using Chase - TOTAL CHECKING *****6925,0.99,USD,,
09/14/2021 04:00:04,Trade,,0.00213502,BTC,0.02403847,100.00,Coinbase - BTC Wallet,,,Converted from USD Coin Using USDC Wallet,100.00000000,USDC,243.86773200,102.39,Coinbase - USDC Wallet,,,Converted from USD Coin Using USDC Wallet,0.00006600,BTC,-2.39,
09/14/2021 04:01:19,Trade,,0.02930412,ETH,1.47448948,100.00,Coinbase - ETH Wallet,,,Converted from USD Coin Using USDC Wallet,100.00000000,USDC,143.86773200,101.97,Coinbase - USDC Wallet,,,Converted from USD Coin Using USDC Wallet,0.00090838,ETH,-1.97,
09/14/2021 04:19:56,Trade,,48.96223998,GRT,169.18641500,41.72,Coinbase - GRT Wallet,,,Converted to The Graph Using USDC Wallet,43.87000000,USDC,99.99773200,44.63,Coinbase - USDC Wallet,,,Converted to The Graph Using USDC Wallet,2.33568075,GRT,-2.91,
09/15/2021 09:21:49,Buy,,0.01409989,ETH,1.48858937,50.00,Coinbase - ETH Wallet,,,Bought Ethereum Using Chase - TOTAL CHECKING *****6925,50.00,USD,,,Coinbase - Cash (USD),,,Bought Ethereum Using Chase - TOTAL CHECKING *****6925,1.99,USD,,
09/16/2021 07:20:00,Buy,,0.00098595,BTC,0.02502442,50.00,Coinbase - BTC Wallet,,,Bought Bitcoin Using Chase - TOTAL CHECKING *****6925,50.00,USD,,,Coinbase - Cash (USD),,,Bought Bitcoin Using Chase - TOTAL CHECKING *****6925,1.99,USD,,
09/17/2021 16:29:56,Receive,,0.00044500,ATOM,5.38427000,0.02,Coinbase - ATOM Wallet,,Staked,Cosmos reward From Coinbase,,,,,,,,,,,,
09/17/2021 20:34:51,Receive,,450.00000000,VET,,50.44,Imported Wallet - Crypto.com Wallet - VET,,,Buy VET,,,,,,,,,,,,
09/21/2021 04:41:41,Buy,,7.91633572,MATIC,339.51375131,10.00,Coinbase - MATIC Wallet,,,Bought Polygon Using Chase - TOTAL CHECKING *****6925,10.00,USD,,,Coinbase - Cash (USD),,,Bought Polygon Using Chase - TOTAL CHECKING *****6925,0.99,USD,,
09/24/2021 13:34:34,Receive,,0.00064700,ATOM,5.38491700,0.02,Coinbase - ATOM Wallet,,Staked,Cosmos reward From Coinbase,,,,,,,,,,,,
09/28/2021 06:53:54,Buy,,8.25055188,MATIC,347.76430319,10.00,Coinbase - MATIC Wallet,,,Bought Polygon Using Chase - TOTAL CHECKING *****6925,10.00,USD,,,Coinbase - Cash (USD),,,Bought Polygon Using Chase - TOTAL CHECKING *****6925,0.99,USD,,
09/30/2021 22:22:09,Receive,,0.00433000,ATOM,5.38924700,0.15,Coinbase - ATOM Wallet,,Staked,Cosmos reward From Coinbase,,,,,,,,,,,,
10/01/2021 12:31:04,Receive,,0.00283000,ATOM,5.39207700,0.11,Coinbase - ATOM Wallet,,Staked,Cosmos reward From Coinbase,,,,,,,,,,,,
10/01/2021 18:15:24,Buy,,0.00100405,BTC,0.02602847,50.00,Coinbase - BTC Wallet,,,Bought Bitcoin Using Chase - TOTAL CHECKING *****6925,50.00,USD,,,Coinbase - Cash (USD),,,Bought Bitcoin Using Chase - TOTAL CHECKING *****6925,1.99,USD,,
10/02/2021 07:08:03,Buy,,0.01455848,ETH,1.50314785,50.00,Coinbase - ETH Wallet,,,Bought Ethereum Using Chase - TOTAL CHECKING *****6925,50.00,USD,,,Coinbase - Cash (USD),,,Bought Ethereum Using Chase - TOTAL CHECKING *****6925,1.99,USD,,
10/02/2021 19:18:05,Receive,,0.00803600,USDC,100.00576800,0.01,Coinbase - USDC Wallet,,,USD Coin reward From Coinbase,,,,,,,,,,,,
10/05/2021 06:41:33,Buy,,6.90956709,MATIC,354.67387028,10.00,Coinbase - MATIC Wallet,,,Bought Polygon Using Chase - TOTAL CHECKING *****6925,10.00,USD,,,Coinbase - Cash (USD),,,Bought Polygon Using Chase - TOTAL CHECKING *****6925,0.99,USD,,
10/09/2021 05:16:39,Receive,,0.00492600,ATOM,5.39700300,0.17,Coinbase - ATOM Wallet,,Staked,Cosmos reward From Coinbase,,,,,,,,,,,,
10/12/2021 04:43:48,Buy,,7.37361282,MATIC,362.04748310,10.00,Coinbase - MATIC Wallet,,,Bought Polygon Using Chase - TOTAL CHECKING *****6925,10.00,USD,,,Coinbase - Cash (USD),,,Bought Polygon Using Chase - TOTAL CHECKING *****6925,0.99,USD,,
10/15/2021 04:53:42,Trade,,133.90941510,GRT,303.09583010,96.19,Coinbase - GRT Wallet,,,Converted to The Graph Using USDC Wallet,100.00000000,USDC,0.00576800,101.72,Coinbase - USDC Wallet,,,Converted to The Graph Using USDC Wallet,4.16231642,GRT,-5.53,
10/15/2021 05:14:07,Receive,,700.00000000,VET,,84.12,Imported Wallet - Crypto.com Wallet - VET,,,Buy VET,,,,,,,,,,,,
10/15/2021 15:20:09,Buy,,0.00079889,BTC,0.02682736,50.00,Coinbase - BTC Wallet,,,Bought Bitcoin Using Chase - TOTAL CHECKING *****6925,50.00,USD,,,Coinbase - Cash (USD),,,Bought Bitcoin Using Chase - TOTAL CHECKING *****6925,1.99,USD,,
10/15/2021 19:55:07,Buy,,0.01241027,ETH,1.51555812,50.00,Coinbase - ETH Wallet,,,Bought Ethereum Using Chase - TOTAL CHECKING *****6925,50.00,USD,,,Coinbase - Cash (USD),,,Bought Ethereum Using Chase - TOTAL CHECKING *****6925,1.99,USD,,
10/19/2021 05:29:53,Buy,,5.96409574,MATIC,368.01157884,10.00,Coinbase - MATIC Wallet,,,Bought Polygon Using Chase - TOTAL CHECKING *****6925,10.00,USD,,,Coinbase - Cash (USD),,,Bought Polygon Using Chase - TOTAL CHECKING *****6925,0.99,USD,,
10/21/2021 20:00:17,Receive,,0.00765200,ATOM,5.40465500,0.26,Coinbase - ATOM Wallet,,Staked,Cosmos reward From Coinbase,,,,,,,,,,,,
10/22/2021 03:21:34,Receive,,0.00284700,ATOM,5.40750200,0.10,Coinbase - ATOM Wallet,,Staked,Cosmos reward From Coinbase,,,,,,,,,,,,
10/22/2021 12:11:47,Receive,,0.00011300,ATOM,5.40761500,0.00,Coinbase - ATOM Wallet,,Staked,Cosmos reward From Coinbase,,,,,,,,,,,,
10/26/2021 06:06:32,Buy,,5.18347298,MATIC,373.19505182,10.00,Coinbase - MATIC Wallet,,,Bought Polygon Using Chase - TOTAL CHECKING *****6925,10.00,USD,,,Coinbase - Cash (USD),,,Bought Polygon Using Chase - TOTAL CHECKING *****6925,0.99,USD,,
10/26/2021 20:35:38,Trade,,0.00348314,BTC,0.03031050,221.10,Coinbase - BTC Wallet,,,Converted from Cosmos Using ATOM Wallet,5.40761500,ATOM,0.00000000,90.62,Coinbase - ATOM Wallet,,,Converted from Cosmos Using ATOM Wallet,,,130.48,
10/30/2021 20:07:50,Receive,,0.00452800,ATOM,0.00452800,0.17,Coinbase - ATOM Wallet,,Staked,Cosmos reward From Coinbase,,,,,,,,,,,,
11/01/2021 16:31:27,Buy,,0.01098162,ETH,1.52653974,50.00,Coinbase - ETH Wallet,,,Bought Ethereum Using Chase - TOTAL CHECKING *****6925,50.00,USD,,,Coinbase - Cash (USD),,,Bought Ethereum Using Chase - TOTAL CHECKING *****6925,1.99,USD,,
11/02/2021 08:08:24,Buy,,4.76595292,MATIC,377.96100474,10.00,Coinbase - MATIC Wallet,,,Bought Polygon Using Chase - TOTAL CHECKING *****6925,10.00,USD,,,Coinbase - Cash (USD),,,Bought Polygon Using Chase - TOTAL CHECKING *****6925,0.99,USD,,
11/02/2021 11:38:33,Buy,,0.00075541,BTC,0.03106591,50.00,Coinbase - BTC Wallet,,,Bought Bitcoin Using Chase - TOTAL CHECKING *****6925,50.00,USD,,,Coinbase - Cash (USD),,,Bought Bitcoin Using Chase - TOTAL CHECKING *****6925,1.99,USD,,
11/03/2021 05:30:06,Buy,,1812.38008232,AMP,1812.38008232,100.00,Coinbase - AMP Wallet,,,Bought Amp Using Chase - TOTAL CHECKING *****6925,100.00,USD,,,Coinbase - Cash (USD),,,Bought Amp Using Chase - TOTAL CHECKING *****6925,2.99,USD,,
11/03/2021 06:27:21,Receive,,0.00583300,USDC,0.01160100,0.01,Coinbase - USDC Wallet,,,USD Coin reward From Coinbase,,,,,,,,,,,,
11/03/2021 17:17:04,Receive,,0.00583400,USDC,0.01743500,0.01,Coinbase - USDC Wallet,,,USD Coin reward From Coinbase,,,,,,,,,,,,
11/04/2021 17:52:43,Buy,,2754776.02570949,SHIB,2754776.02570949,150.00,Coinbase - SHIB Wallet,,,Bought SHIBA INU Using Chase - TOTAL CHECKING *****6925,150.00,USD,,,Coinbase - Cash (USD),,,Bought SHIBA INU Using Chase - TOTAL CHECKING *****6925,2.99,USD,,
11/09/2021 06:27:19,Buy,,4.78170478,MATIC,382.74270952,10.00,Coinbase - MATIC Wallet,,,Bought Polygon Using Chase - TOTAL CHECKING *****6925,10.00,USD,,,Coinbase - Cash (USD),,,Bought Polygon Using Chase - TOTAL CHECKING *****6925,0.99,USD,,
11/12/2021 16:39:32,Receive,,0.00000200,ATOM,0.00453000,0.00,Coinbase - ATOM Wallet,,Staked,Cosmos reward From Coinbase,,,,,,,,,,,,
11/13/2021 15:51:15,Buy,,46.87387200,ADA,360.69255400,100.00,Coinbase - ADA Wallet,,,Bought Cardano Using Chase - TOTAL CHECKING *****6925,100.00,USD,,,Coinbase - Cash (USD),,,Bought Cardano Using Chase - TOTAL CHECKING *****6925,2.99,USD,,
11/14/2021 15:02:38,Receive,,0.02574665,AUCTION,0.02574665,1.00,Coinbase - AUCTION Wallet,,Payment,Received Bounce Token From Coinbase Earn,,,,,,,,,,,,
11/14/2021 15:03:01,Receive,,0.02574665,AUCTION,0.05149330,1.00,Coinbase - AUCTION Wallet,,Payment,Received Bounce Token From Coinbase Earn,,,,,,,,,,,,
11/14/2021 15:03:50,Receive,,0.02574665,AUCTION,0.07723995,1.00,Coinbase - AUCTION Wallet,,Payment,Received Bounce Token From Coinbase Earn,,,,,,,,,,,,
11/14/2021 15:09:39,Trade,,0.00004563,BTC,0.03111154,2.99,Coinbase - BTC Wallet,,,Converted from Bounce Token Using AUCTION Wallet,0.07723995,AUCTION,0.00000000,3.00,Coinbase - AUCTION Wallet,,,Converted from Bounce Token Using AUCTION Wallet,,,-0.01,
11/16/2021 01:31:46,Buy,,0.00077382,BTC,0.03188536,50.00,Coinbase - BTC Wallet,,,Bought Bitcoin Using Chase - TOTAL CHECKING *****6925,50.00,USD,,,Coinbase - Cash (USD),,,Bought Bitcoin Using Chase - TOTAL CHECKING *****6925,1.99,USD,,
11/16/2021 06:59:47,Buy,,5.60204846,MATIC,388.34475798,10.00,Coinbase - MATIC Wallet,,,Bought Polygon Using Chase - TOTAL CHECKING *****6925,10.00,USD,,,Coinbase - Cash (USD),,,Bought Polygon Using Chase - TOTAL CHECKING *****6925,0.99,USD,,
11/16/2021 10:01:11,Buy,,0.01128642,ETH,1.53782616,50.00,Coinbase - ETH Wallet,,,Bought Ethereum Using Chase - TOTAL CHECKING *****6925,50.00,USD,,,Coinbase - Cash (USD),,,Bought Ethereum Using Chase - TOTAL CHECKING *****6925,1.99,USD,,
11/19/2021 23:38:55,Receive,,0.00001000,ATOM,0.00454000,0.00,Coinbase - ATOM Wallet,,Staked,Cosmos reward From Coinbase,,,,,,,,,,,,
11/23/2021 06:38:38,Buy,,5.70284188,MATIC,394.04759986,10.00,Coinbase - MATIC Wallet,,,Bought Polygon Using Chase - TOTAL CHECKING *****6925,10.00,USD,,,Coinbase - Cash (USD),,,Bought Polygon Using Chase - TOTAL CHECKING *****6925,0.99,USD,,
11/26/2021 17:00:36,Receive,,0.00018400,BTC,0.03206936,10.00,Coinbase - BTC Wallet,,,Received Bitcoin From Coinbase Referral,,,,,,,,,,,,
11/26/2021 17:20:31,Receive,,0.00000400,ATOM,0.00454400,0.00,Coinbase - ATOM Wallet,,Staked,Cosmos reward From Coinbase,,,,,,,,,,,,
11/30/2021 06:34:45,Buy,,5.17151917,MATIC,399.21911903,10.00,Coinbase - MATIC Wallet,,,Bought Polygon Using Chase - TOTAL CHECKING *****6925,10.00,USD,,,Coinbase - Cash (USD),,,Bought Polygon Using Chase - TOTAL CHECKING *****6925,0.99,USD,,
12/01/2021 13:20:35,Buy,,0.00083231,BTC,0.03290167,50.00,Coinbase - BTC Wallet,,,Bought Bitcoin Using Chase - TOTAL CHECKING *****6925,50.00,USD,,,Coinbase - Cash (USD),,,Bought Bitcoin Using Chase - TOTAL CHECKING *****6925,1.99,USD,,
12/02/2021 11:10:36,Buy,,0.01053567,ETH,1.54836183,50.00,Coinbase - ETH Wallet,,,Bought Ethereum Using Chase - TOTAL CHECKING *****6925,50.00,USD,,,Coinbase - Cash (USD),,,Bought Ethereum Using Chase - TOTAL CHECKING *****6925,1.99,USD,,
12/02/2021 16:12:36,Buy,,27.78522900,ADA,388.47778300,50.00,Coinbase - ADA Wallet,,,Bought Cardano Using Chase - TOTAL CHECKING *****6925,50.00,USD,,,Coinbase - Cash (USD),,,Bought Cardano Using Chase - TOTAL CHECKING *****6925,1.99,USD,,
12/03/2021 13:52:01,Receive,,0.00000400,ATOM,0.00454800,0.00,Coinbase - ATOM Wallet,,Staked,Cosmos reward From Coinbase,,,,,,,,,,,,
12/07/2021 04:43:28,Trade,,2888.57848380,SHIB,2757664.60419329,0.11,Coinbase - SHIB Wallet,,,Converted to SHIBA INU Using ATOM Wallet,0.00454800,ATOM,0.00000000,0.17,Coinbase - ATOM Wallet,,,Converted to SHIBA INU Using ATOM Wallet,,,-0.06,
12/07/2021 05:20:35,Buy,,3.87707469,MATIC,403.09619372,10.00,Coinbase - MATIC Wallet,,,Bought Polygon Using Chase - TOTAL CHECKING *****6925,10.00,USD,,,Coinbase - Cash (USD),,,Bought Polygon Using Chase - TOTAL CHECKING *****6925,0.99,USD,,
12/10/2021 14:53:08,Receive,,0.00585771,QNT,0.00585771,1.00,Coinbase - QNT Wallet,,Payment,Received Quant From Coinbase Earn,,,,,,,,,,,,
12/10/2021 14:53:45,Receive,,0.00586630,QNT,0.01172401,1.00,Coinbase - QNT Wallet,,Payment,Received Quant From Coinbase Earn,,,,,,,,,,,,
12/10/2021 14:54:13,Receive,,0.00586699,QNT,0.01759100,0.99,Coinbase - QNT Wallet,,Payment,Received Quant From Coinbase Earn,,,,,,,,,,,,
12/10/2021 14:54:50,Receive,,6.10221205,IOTX,6.10221205,0.99,Coinbase - IOTX Wallet,,Payment,Received IoTeX From Coinbase Earn,,,,,,,,,,,,
12/10/2021 14:56:05,Receive,,6.11060189,IOTX,12.21281394,1.00,Coinbase - IOTX Wallet,,Payment,Received IoTeX From Coinbase Earn,,,,,,,,,,,,
12/10/2021 14:56:37,Receive,,6.10109514,IOTX,18.31390908,1.00,Coinbase - IOTX Wallet,,Payment,Received IoTeX From Coinbase Earn,,,,,,,,,,,,
12/10/2021 14:59:44,Trade,,0.00006042,BTC,0.03296209,2.97,Coinbase - BTC Wallet,,,Converted from Quant Using QNT Wallet,0.01759101,QNT,-0.00000001,2.99,Coinbase - QNT Wallet,,,Converted from Quant Using QNT Wallet,,,-0.02,
12/14/2021 07:57:27,Buy,,4.94405556,MATIC,408.04024928,10.00,Coinbase - MATIC Wallet,,,Bought Polygon Using Chase - TOTAL CHECKING *****6925,10.00,USD,,,Coinbase - Cash (USD),,,Bought Polygon Using Chase - TOTAL CHECKING *****6925,0.99,USD,,
12/14/2021 18:57:38,Trade,,0.00006709,BTC,0.03302918,3.22,Coinbase - BTC Wallet,,,Converted from IoTeX (ERC-20) Using IOTX Wallet,18.31390909,IOTX,-0.00000001,2.99,Coinbase - IOTX Wallet,,,Converted from IoTeX (ERC-20) Using IOTX Wallet,,,0.23,
12/15/2021 13:46:39,Buy,,0.01246455,ETH,1.56082638,50.00,Coinbase - ETH Wallet,,,Bought Ethereum Using Chase - TOTAL CHECKING *****6925,50.00,USD,,,Coinbase - Cash (USD),,,Bought Ethereum Using Chase - TOTAL CHECKING *****6925,1.99,USD,,
12/15/2021 18:26:45,Buy,,0.00100896,BTC,0.03403814,50.00,Coinbase - BTC Wallet,,,Bought Bitcoin Using Chase - TOTAL CHECKING *****6925,50.00,USD,,,Coinbase - Cash (USD),,,Bought Bitcoin Using Chase - TOTAL CHECKING *****6925,1.99,USD,,
12/19/2021 03:53:39,Receive,,0.00000200,ATOM,0.00000200,0.00,Coinbase - ATOM Wallet,,Staked,Cosmos reward From Coinbase,,,,,,,,,,,,
12/21/2021 04:27:40,Buy,,3.94980185,MATIC,411.99005113,10.00,Coinbase - MATIC Wallet,,,Bought Polygon Using Chase - TOTAL CHECKING *****6925,10.00,USD,,,Coinbase - Cash (USD),,,Bought Polygon Using Chase - TOTAL CHECKING *****6925,0.99,USD,,
12/23/2021 19:52:26,Receive,,1.33994372,GRT,304.43577382,1.00,Coinbase - GRT Wallet,,Payment,Received The Graph From Coinbase Earn,,,,,,,,,,,,
12/28/2021 07:20:27,Buy,,3.35565448,MATIC,415.34570561,10.00,Coinbase - MATIC Wallet,,,Bought Polygon Using Chase - TOTAL CHECKING *****6925,10.00,USD,,,Coinbase - Cash (USD),,,Bought Polygon Using Chase - TOTAL CHECKING *****6925,0.99,USD,,
01/01/2022 17:46:24,Buy,,0.00099680,BTC,...,...,Coinbase - BTC Wallet,,,Bought Bitcoin Using Chase - TOTAL CHECKING *****6925,50.00,USD,...,...,Coinbase - Cash (USD),,,Bought Bitcoin Using Chase - TOTAL CHECKING *****6925,1.99,USD,...,
01/01/2022 18:15:26,Buy,,0.01271321,ETH,...,...,Coinbase - ETH Wallet,,,Bought Ethereum Using Chase - TOTAL CHECKING *****6925,50.00,USD,...,...,Coinbase - Cash (USD),,,Bought Ethereum Using Chase - TOTAL CHECKING *****6925,1.99,USD,...,
01/04/2022 05:40:54,Buy,,3.74952974,MATIC,...,...,Coinbase - MATIC Wallet,,,Bought Polygon Using Chase - TOTAL CHECKING *****6925,10.00,USD,...,...,Coinbase - Cash (USD),,,Bought Polygon Using Chase - TOTAL CHECKING *****6925,0.99,USD,...,
01/06/2022 06:37:30,Trade,,66.84892400,ADA,...,...,Coinbase - ADA Wallet,,,Converted from Amp Using AMP Wallet,1812.38008232,AMP,...,...,Coinbase - AMP Wallet,,,Converted from Amp Using AMP Wallet,,,...,
01/08/2022 08:13:40,Buy,,0.00228888,BTC,...,...,Coinbase - BTC Wallet,,,Bought Bitcoin Using Chase - TOTAL CHECKING *****6925,100.00,USD,...,...,Coinbase - Cash (USD),,,Bought Bitcoin Using Chase - TOTAL CHECKING *****6925,2.99,USD,...,
01/08/2022 08:17:16,Buy,,0.01479656,ETH,...,...,Coinbase - ETH Wallet,,,Bought Ethereum Using Chase - TOTAL CHECKING *****6925,50.00,USD,...,...,Coinbase - Cash (USD),,,Bought Ethereum Using Chase - TOTAL CHECKING *****6925,1.99,USD,...,
01/09/2022 17:46:44,Receive,,620.00000000,VET,...,...,Imported Wallet - Crypto.com Wallet - VET,,,Buy VET,,,...,...,,,,,,,...,
01/11/2022 06:54:47,Buy,,4.18826166,MATIC,...,...,Coinbase - MATIC Wallet,,,Bought Polygon Using Chase - TOTAL CHECKING *****6925,10.00,USD,...,...,Coinbase - Cash (USD),,,Bought Polygon Using Chase - TOTAL CHECKING *****6925,0.99,USD,...,
01/13/2022 22:53:09,Buy,,618050.68616649,SHIB,...,...,Coinbase - SHIB Wallet,,,Bought SHIBA INU Using Chase - TOTAL CHECKING *****6925,20.00,USD,...,...,Coinbase - Cash (USD),,,Bought SHIBA INU Using Chase - TOTAL CHECKING *****6925,1.49,USD,...,
01/14/2022 16:33:48,Receive,,300.00000000,VET,...,...,Imported Wallet - Crypto.com Wallet - VET,,,Buy VET,,,...,...,,,,,,,...,
01/15/2022 23:11:31,Buy,,0.01428593,ETH,...,...,Coinbase - ETH Wallet,,,Bought Ethereum Using Chase - TOTAL CHECKING *****6925,50.00,USD,...,...,Coinbase - Cash (USD),,,Bought Ethereum Using Chase - TOTAL CHECKING *****6925,1.99,USD,...,
01/16/2022 05:48:23,Buy,,0.00110931,BTC,...,...,Coinbase - BTC Wallet,,,Bought Bitcoin Using Chase - TOTAL CHECKING *****6925,50.00,USD,...,...,Coinbase - Cash (USD),,,Bought Bitcoin Using Chase - TOTAL CHECKING *****6925,1.99,USD,...,
01/18/2022 06:59:52,Buy,,4.05368764,MATIC,...,...,Coinbase - MATIC Wallet,,,Bought Polygon Using Chase - TOTAL CHECKING *****6925,10.00,USD,...,...,Coinbase - Cash (USD),,,Bought Polygon Using Chase - TOTAL CHECKING *****6925,0.99,USD,...,
01/23/2022 02:33:41,Receive,,1400.00000000,VET,...,...,Imported Wallet - Crypto.com Wallet - VET,,,Buy VET,,,...,...,,,,,,,...,
01/23/2022 02:34:25,Receive,,150.00000000,ONE,...,...,Imported Wallet - Crypto.com Wallet - ONE,,,Buy ONE,,,...,...,,,,,,,...,
01/23/2022 02:37:38,Buy,,44.70023800,ADA,...,...,Coinbase - ADA Wallet,,,Bought Cardano Using Chase - TOTAL CHECKING *****6925,50.00,USD,...,...,Coinbase - Cash (USD),,,Bought Cardano Using Chase - TOTAL CHECKING *****6925,1.99,USD,...,
01/23/2022 02:39:22,Buy,,17.99731807,MATIC,...,...,Coinbase - MATIC Wallet,,,Bought Polygon Using Chase - TOTAL CHECKING *****6925,30.00,USD,...,...,Coinbase - Cash (USD),,,Bought Polygon Using Chase - TOTAL CHECKING *****6925,1.99,USD,...,
01/23/2022 02:40:29,Buy,,67.10967196,GRT,...,...,Coinbase - GRT Wallet,,,Bought The Graph Using Chase - TOTAL CHECKING *****6925,30.00,USD,...,...,Coinbase - Cash (USD),,,Bought The Graph Using Chase - TOTAL CHECKING *****6925,1.99,USD,...,
01/25/2022 06:45:40,Buy,,6.28855861,MATIC,...,...,Coinbase - MATIC Wallet,,,Bought Polygon Using Chase - TOTAL CHECKING *****6925,10.00,USD,...,...,Coinbase - Cash (USD),,,Bought Polygon Using Chase - TOTAL CHECKING *****6925,0.99,USD,...,
02/01/2022 05:40:21,Buy,,5.44825073,MATIC,...,...,Coinbase - MATIC Wallet,,,Bought Polygon Using Chase - TOTAL CHECKING *****6925,10.00,USD,...,...,Coinbase - Cash (USD),,,Bought Polygon Using Chase - TOTAL CHECKING *****6925,0.99,USD,...,
02/01/2022 09:44:40,Buy,,0.00124688,BTC,...,...,Coinbase - BTC Wallet,,,Bought Bitcoin Using Chase - TOTAL CHECKING *****6925,50.00,USD,...,...,Coinbase - Cash (USD),,,Bought Bitcoin Using Chase - TOTAL CHECKING *****6925,1.99,USD,...,
02/01/2022 14:50:50,Buy,,0.01719756,ETH,...,...,Coinbase - ETH Wallet,,,Bought Ethereum Using Chase - TOTAL CHECKING *****6925,50.00,USD,...,...,Coinbase - Cash (USD),,,Bought Ethereum Using Chase - TOTAL CHECKING *****6925,1.99,USD,...,
02/03/2022 01:55:07,Receive,,0.13245033,CTX,...,...,Coinbase - CTX Wallet,,Payment,Received Cryptex Finance From Coinbase Earn,,,...,...,,,,,,,...,
02/03/2022 01:56:05,Receive,,0.13253810,CTX,...,...,Coinbase - CTX Wallet,,Payment,Received Cryptex Finance From Coinbase Earn,,,...,...,,,,,,,...,
02/03/2022 01:57:03,Receive,,0.13262599,CTX,...,...,Coinbase - CTX Wallet,,Payment,Received Cryptex Finance From Coinbase Earn,,,...,...,,,,,,,...,
02/04/2022 20:29:04,Trade,,6.95326648,GRT,...,...,Coinbase - GRT Wallet,,,Converted from Cryptex Finance Using CTX Wallet,0.39761443,CTX,...,...,Coinbase - CTX Wallet,,,Converted from Cryptex Finance Using CTX Wallet,,,...,
02/05/2022 02:48:33,Buy,,62.61659574,GRT,...,...,Coinbase - GRT Wallet,,,Bought The Graph Using Chase - TOTAL CHECKING *****6925,30.00,USD,...,...,Coinbase - Cash (USD),,,Bought The Graph Using Chase - TOTAL CHECKING *****6925,1.99,USD,...,
02/06/2022 04:05:03,Receive,,1000.00000000,VET,...,...,Imported Wallet - Crypto.com Wallet - VET,,,Buy VET,,,...,...,,,,,,,...,
02/07/2022 06:59:28,Receive,,0.26702269,RNDR,...,...,Coinbase - RNDR Wallet,,Payment,Received Render Token From Coinbase Earn,,,...,...,,,,,,,...,
02/07/2022 07:00:06,Receive,,0.26702269,RNDR,...,...,Coinbase - RNDR Wallet,,Payment,Received Render Token From Coinbase Earn,,,...,...,,,,,,,...,
02/07/2022 07:00:25,Receive,,0.26702269,RNDR,...,...,Coinbase - RNDR Wallet,,Payment,Received Render Token From Coinbase Earn,,,...,...,,,,,,,...,
02/07/2022 07:01:47,Trade,,104416.98056642,SHIB,...,...,Coinbase - SHIB Wallet,,,Converted from Render Token Using RNDR Wallet,0.80106809,RNDR,...,...,Coinbase - RNDR Wallet,,,Converted from Render Token Using RNDR Wallet,,,...,
02/08/2022 05:04:07,Buy,,4.47515466,MATIC,...,...,Coinbase - MATIC Wallet,,,Bought Polygon Using Chase - TOTAL CHECKING *****6925,10.00,USD,...,...,Coinbase - Cash (USD),,,Bought Polygon Using Chase - TOTAL CHECKING *****6925,0.99,USD,...,
02/11/2022 01:40:49,Trade,,46.85852900,USDC,...,...,Imported Wallet - Crypto.com Wallet - USDC,,,AUDIO -> USDC,39.37000000,AUDIO,...,...,Imported Wallet - Crypto.com Wallet - AUDIO,,,AUDIO -> USDC,,,...,
02/11/2022 01:41:51,Trade,,734.70000000,VET,...,...,Imported Wallet - Crypto.com Wallet - VET,,,USDC -> VET,46.71738900,USDC,...,...,Imported Wallet - Crypto.com Wallet - USDC,,,USDC -> VET,,,...,
02/15/2022 06:49:40,Buy,,5.19518128,MATIC,...,...,Coinbase - MATIC Wallet,,,Bought Polygon Using Chase - TOTAL CHECKING *****6925,10.00,USD,...,...,Coinbase - Cash (USD),,,Bought Polygon Using Chase - TOTAL CHECKING *****6925,0.99,USD,...,
02/16/2022 04:18:46,Buy,,0.01528039,ETH,...,...,Coinbase - ETH Wallet,,,Bought Ethereum Using Chase - TOTAL CHECKING *****6925,50.00,USD,...,...,Coinbase - Cash (USD),,,Bought Ethereum Using Chase - TOTAL CHECKING *****6925,1.99,USD,...,
02/16/2022 09:49:34,Buy,,0.00108271,BTC,...,...,Coinbase - BTC Wallet,,,Bought Bitcoin Using Chase - TOTAL CHECKING *****6925,50.00,USD,...,...,Coinbase - Cash (USD),,,Bought Bitcoin Using Chase - TOTAL CHECKING *****6925,1.99,USD,...,
02/21/2022 01:45:55,Buy,,49.29433900,ADA,...,...,Coinbase - ADA Wallet,,,Bought Cardano Using Chase - TOTAL CHECKING *****6925,50.00,USD,...,...,Coinbase - Cash (USD),,,Bought Cardano Using Chase - TOTAL CHECKING *****6925,1.99,USD,...,
02/22/2022 04:57:23,Buy,,6.58590308,MATIC,...,...,Coinbase - MATIC Wallet,,,Bought Polygon Using Chase - TOTAL CHECKING *****6925,10.00,USD,...,...,Coinbase - Cash (USD),,,Bought Polygon Using Chase - TOTAL CHECKING *****6925,0.99,USD,...,
02/23/2022 17:01:41,Receive,,950.00000000,VET,...,...,Imported Wallet - Crypto.com Wallet - VET,,,Buy VET,,,...,...,,,,,,,...,
03/01/2022 06:08:01,Buy,,5.67326545,MATIC,...,...,Coinbase - MATIC Wallet,,,Bought Polygon Using Chase - TOTAL CHECKING *****6925,10.00,USD,...,...,Coinbase - Cash (USD),,,Bought Polygon Using Chase - TOTAL CHECKING *****6925,0.99,USD,...,
03/01/2022 14:55:34,Buy,,0.00108995,BTC,...,...,Coinbase - BTC Wallet,,,Bought Bitcoin Using Chase - TOTAL CHECKING *****6925,50.00,USD,...,...,Coinbase - Cash (USD),,,Bought Bitcoin Using Chase - TOTAL CHECKING *****6925,1.99,USD,...,
03/01/2022 16:13:34,Buy,,0.01623638,ETH,...,...,Coinbase - ETH Wallet,,,Bought Ethereum Using Chase - TOTAL CHECKING *****6925,50.00,USD,...,...,Coinbase - Cash (USD),,,Bought Ethereum Using Chase - TOTAL CHECKING *****6925,1.99,USD,...,
03/07/2022 16:03:33,Receive,,1000.00000000,VET,...,...,Imported Wallet - Crypto.com Wallet - VET,,,Buy VET,,,...,...,,,,,,,...,
03/08/2022 05:48:02,Buy,,6.22441191,MATIC,...,...,Coinbase - MATIC Wallet,,,Bought Polygon Using Chase - TOTAL CHECKING *****6925,10.00,USD,...,...,Coinbase - Cash (USD),,,Bought Polygon Using Chase - TOTAL CHECKING *****6925,0.99,USD,...,
03/15/2022 05:01:45,Buy,,6.64444444,MATIC,...,...,Coinbase - MATIC Wallet,,,Bought Polygon Using Chase - TOTAL CHECKING *****6925,10.00,USD,...,...,Coinbase - Cash (USD),,,Bought Polygon Using Chase - TOTAL CHECKING *****6925,0.99,USD,...,
03/15/2022 12:14:43,Buy,,0.01885184,ETH,...,...,Coinbase - ETH Wallet,,,Bought Ethereum Using Chase - TOTAL CHECKING *****6925,50.00,USD,...,...,Coinbase - Cash (USD),,,Bought Ethereum Using Chase - TOTAL CHECKING *****6925,1.99,USD,...,
03/16/2022 06:40:56,Buy,,0.00121107,BTC,...,...,Coinbase - BTC Wallet,,,Bought Bitcoin Using Chase - TOTAL CHECKING *****6925,50.00,USD,...,...,Coinbase - Cash (USD),,,Bought Bitcoin Using Chase - TOTAL CHECKING *****6925,1.99,USD,...,
03/22/2022 08:16:06,Buy,,5.91610605,MATIC,...,...,Coinbase - MATIC Wallet,,,Bought Polygon Using Chase - TOTAL CHECKING *****6925,10.00,USD,...,...,Coinbase - Cash (USD),,,Bought Polygon Using Chase - TOTAL CHECKING *****6925,0.99,USD,...,
03/29/2022 06:59:48,Buy,,5.24254822,MATIC,...,...,Coinbase - MATIC Wallet,,,Bought Polygon Using Chase - TOTAL CHECKING *****6925,10.00,USD,...,...,Coinbase - Cash (USD),,,Bought Polygon Using Chase - TOTAL CHECKING *****6925,0.99,USD,...,
04/02/2022 02:14:41,Buy,,0.01369906,ETH,...,...,Coinbase - ETH Wallet,,,Bought Ethereum Using Chase - TOTAL CHECKING *****6925,50.00,USD,...,...,Coinbase - Cash (USD),,,Bought Ethereum Using Chase - TOTAL CHECKING *****6925,1.99,USD,...,
04/02/2022 05:32:06,Buy,,0.00102557,BTC,...,...,Coinbase - BTC Wallet,,,Bought Bitcoin Using Chase - TOTAL CHECKING *****6925,50.00,USD,...,...,Coinbase - Cash (USD),,,Bought Bitcoin Using Chase - TOTAL CHECKING *****6925,1.99,USD,...,
04/05/2022 04:43:50,Buy,,5.42288858,MATIC,...,...,Coinbase - MATIC Wallet,,,Bought Polygon Using Chase - TOTAL CHECKING *****6925,10.00,USD,...,...,Coinbase - Cash (USD),,,Bought Polygon Using Chase - TOTAL CHECKING *****6925,0.99,USD,...,
04/12/2022 07:15:21,Buy,,6.54792321,MATIC,...,...,Coinbase - MATIC Wallet,,,Bought Polygon Using Chase - TOTAL CHECKING *****6925,10.00,USD,...,...,Coinbase - Cash (USD),,,Bought Polygon Using Chase - TOTAL CHECKING *****6925,0.99,USD,...,
04/12/2022 22:09:48,Buy,,50.64257800,ADA,...,...,Coinbase - ADA Wallet,,,Bought Cardano Using Chase - TOTAL CHECKING *****6925,50.00,USD,...,...,Coinbase - Cash (USD),,,Bought Cardano Using Chase - TOTAL CHECKING *****6925,1.99,USD,...,
04/16/2022 02:26:13,Buy,,0.00117688,BTC,...,...,Coinbase - BTC Wallet,,,Bought Bitcoin Using Chase - TOTAL CHECKING *****6925,50.00,USD,...,...,Coinbase - Cash (USD),,,Bought Bitcoin Using Chase - TOTAL CHECKING *****6925,1.99,USD,...,
04/16/2022 05:24:23,Buy,,0.01569995,ETH,...,...,Coinbase - ETH Wallet,,,Bought Ethereum Using Chase - TOTAL CHECKING *****6925,50.00,USD,...,...,Coinbase - Cash (USD),,,Bought Ethereum Using Chase - TOTAL CHECKING *****6925,1.99,USD,...,
04/19/2022 05:17:02,Buy,,6.37164370,MATIC,...,...,Coinbase - MATIC Wallet,,,Bought Polygon Using Chase - TOTAL CHECKING *****6925,10.00,USD,...,...,Coinbase - Cash (USD),,,Bought Polygon Using Chase - TOTAL CHECKING *****6925,0.99,USD,...,
04/20/2022 00:39:03,Receive,,1210.00000000,VET,...,...,Imported Wallet - Crypto.com Wallet - VET,,,Buy VET,,,...,...,,,,,,,...,
04/23/2022 05:01:51,Receive,,0.18647500,ADA,...,...,Coinbase - ADA Wallet,,,Cardano reward From Coinbase,,,...,...,,,,,,,...,
04/24/2022 02:17:26,Receive,,0.19087600,ADA,...,...,Coinbase - ADA Wallet,,,Cardano reward From Coinbase,,,...,...,,,,,,,...,
04/24/2022 21:33:01,Receive,,0.19200900,ADA,...,...,Coinbase - ADA Wallet,,,Cardano reward From Coinbase,,,...,...,,,,,,,...,
04/26/2022 05:17:09,Buy,,6.63608789,MATIC,...,...,Coinbase - MATIC Wallet,,,Bought Polygon Using Chase - TOTAL CHECKING *****6925,10.00,USD,...,...,Coinbase - Cash (USD),,,Bought Polygon Using Chase - TOTAL CHECKING *****6925,0.99,USD,...,
04/27/2022 00:17:06,Buy,,10.77286000,ADA,...,...,Coinbase - ADA Wallet,,,Bought Cardano Using Chase - TOTAL CHECKING *****6925,10.00,USD,...,...,Coinbase - Cash (USD),,,Bought Cardano Using Chase - TOTAL CHECKING *****6925,0.99,USD,...,
04/27/2022 05:52:46,Receive,,0.18039100,ADA,...,...,Coinbase - ADA Wallet,,,Cardano reward From Coinbase,,,...,...,,,,,,,...,
05/01/2022 12:44:53,Buy,,0.00125819,BTC,...,...,Coinbase - BTC Wallet,,,Bought Bitcoin Using Chase - TOTAL CHECKING *****6925,50.00,USD,...,...,Coinbase - Cash (USD),,,Bought Bitcoin Using Chase - TOTAL CHECKING *****6925,1.99,USD,...,
05/01/2022 22:05:14,Buy,,0.01697131,ETH,...,...,Coinbase - ETH Wallet,,,Bought Ethereum Using Chase - TOTAL CHECKING *****6925,50.00,USD,...,...,Coinbase - Cash (USD),,,Bought Ethereum Using Chase - TOTAL CHECKING *****6925,1.99,USD,...,
05/03/2022 07:12:42,Buy,,8.07380738,MATIC,...,...,Coinbase - MATIC Wallet,,,Bought Polygon Using Chase - TOTAL CHECKING *****6925,10.00,USD,...,...,Coinbase - Cash (USD),,,Bought Polygon Using Chase - TOTAL CHECKING *****6925,0.99,USD,...,
05/03/2022 14:47:56,Receive,,0.21296300,ADA,...,...,Coinbase - ADA Wallet,,,Cardano reward From Coinbase,,,...,...,,,,,,,...,
05/04/2022 02:35:42,Buy,,11.52363800,ADA,...,...,Coinbase - ADA Wallet,,,Bought Cardano Using Chase - TOTAL CHECKING *****6925,10.00,USD,...,...,Coinbase - Cash (USD),,,Bought Cardano Using Chase - TOTAL CHECKING *****6925,0.99,USD,...,
05/07/2022 02:44:01,Receive,,0.21212000,ADA,...,...,Coinbase - ADA Wallet,,,Cardano reward From Coinbase,,,...,...,,,,,,,...,
05/10/2022 05:32:10,Buy,,9.80649393,MATIC,...,...,Coinbase - MATIC Wallet,,,Bought Polygon Using Chase - TOTAL CHECKING *****6925,10.00,USD,...,...,Coinbase - Cash (USD),,,Bought Polygon Using Chase - TOTAL CHECKING *****6925,0.99,USD,...,
05/10/2022 20:53:52,Receive,,8.19000819,GRT,...,...,Coinbase - GRT Wallet,,Payment,Received The Graph From Coinbase Earn,,,...,...,,,,,,,...,
05/11/2022 03:16:48,Buy,,14.19303800,ADA,...,...,Coinbase - ADA Wallet,,,Bought Cardano Using Chase - TOTAL CHECKING *****6925,10.00,USD,...,...,Coinbase - Cash (USD),,,Bought Cardano Using Chase - TOTAL CHECKING *****6925,0.99,USD,...,
05/12/2022 02:54:42,Receive,,0.22443300,ADA,...,...,Coinbase - ADA Wallet,,,Cardano reward From Coinbase,,,...,...,,,,,,,...,
05/13/2022 19:05:50,Trade,,0.50000000,ETH2,...,...,Coinbase - ETH2 Wallet,,,Converted to Ethereum 2 Using ETH Wallet,0.50000000,ETH,...,...,Coinbase - ETH Wallet,,,Converted to Ethereum 2 Using ETH Wallet,,,...,
05/15/2022 09:37:21,Buy,,0.00161188,BTC,...,...,Coinbase - BTC Wallet,,,Bought Bitcoin Using Chase - TOTAL CHECKING *****6925,50.00,USD,...,...,Coinbase - Cash (USD),,,Bought Bitcoin Using Chase - TOTAL CHECKING *****6925,1.99,USD,...,
05/15/2022 19:27:13,Buy,,0.02294880,ETH,...,...,Coinbase - ETH Wallet,,,Bought Ethereum Using Chase - TOTAL CHECKING *****6925,50.00,USD,...,...,Coinbase - Cash (USD),,,Bought Ethereum Using Chase - TOTAL CHECKING *****6925,1.99,USD,...,
05/17/2022 08:23:20,Buy,,12.64627097,MATIC,...,...,Coinbase - MATIC Wallet,,,Bought Polygon Using Chase - TOTAL CHECKING *****6925,10.00,USD,...,...,Coinbase - Cash (USD),,,Bought Polygon Using Chase - TOTAL CHECKING *****6925,0.99,USD,...,
05/18/2022 00:49:05,Buy,,15.58915500,ADA,...,...,Coinbase - ADA Wallet,,,Bought Cardano Using Chase - TOTAL CHECKING *****6925,10.00,USD,...,...,Coinbase - Cash (USD),,,Bought Cardano Using Chase - TOTAL CHECKING *****6925,0.99,USD,...,
05/20/2022 02:46:47,Receive,,0.22499400,ADA,...,...,Coinbase - ADA Wallet,,,Cardano reward From Coinbase,,,...,...,,,,,,,...,
05/22/2022 02:24:41,Receive,,0.22311300,ADA,...,...,Coinbase - ADA Wallet,,,Cardano reward From Coinbase,,,...,...,,,,,,,...,
05/24/2022 07:51:02,Buy,,13.82005854,MATIC,...,...,Coinbase - MATIC Wallet,,,Bought Polygon Using Chase - TOTAL CHECKING *****6925,10.00,USD,...,...,Coinbase - Cash (USD),,,Bought Polygon Using Chase - TOTAL CHECKING *****6925,0.99,USD,...,
05/25/2022 00:47:51,Transfer,d2d38c31bff8c7e72197be12d981d33303f205feda50bae628b686de2197150e,0.03000000,ETH,...,...,ETH Wallet ...b622cF - ETH,0x7A178467296f9723f8F245d87F07851163b622cF,,,0.03065100,ETH,...,...,Coinbase - ETH Wallet,0x7A178467296f9723f8F245d87F07851163b622cF,,Sent Ethereum To Ethereum address,0.00065100,ETH,...,
05/25/2022 00:50:07,Send,0ecd7b45d0e76a50cebc0f20b24d041ff4e62dd3eee10b0b090155d1d537e2f8,,,...,...,,,,,0.00000000,ETH,...,...,ETH Wallet ...b622cF - ETH,0x7A178467296f9723f8F245d87F07851163b622cF,,,0.00781844,ETH,...,
05/25/2022 00:51:34,Receive,0x17128a801b516a53b5709a8e889b61e4553ae74c6e54a83e314ef24922765902,792.68698521,HEX,...,...,ETH Wallet ...b622cF - ETH,0x7A178467296f9723f8F245d87F07851163b622cF,,,,,...,...,,,,,,,...,
05/25/2022 03:37:07,Buy,,17.03703700,ADA,...,...,Coinbase - ADA Wallet,,,Bought Cardano Using Chase - TOTAL CHECKING *****6925,10.00,USD,...,...,Coinbase - Cash (USD),,,Bought Cardano Using Chase - TOTAL CHECKING *****6925,0.99,USD,...,
05/25/2022 03:59:00,Receive,,1000.00000000,ONE,...,...,Imported Wallet - Crypto.com Wallet - ONE,,,Buy ONE,,,...,...,,,,,,,...,
05/27/2022 17:58:00,Receive,,2000.00000000,VET,...,...,Imported Wallet - Crypto.com Wallet - VET,,,Buy VET,,,...,...,,,,,,,...,
05/28/2022 02:13:53,Receive,,0.22741800,ADA,...,...,Coinbase - ADA Wallet,,,Cardano reward From Coinbase,,,...,...,,,,,,,...,
05/29/2022 16:08:39,Buy,,0.50000000,ETH,...,...,Coinbase - ETH Wallet,,,Bought Ethereum Using Chase - TOTAL CHECKING *****6925,917.76,USD,...,...,Coinbase - Cash (USD),,,Bought Ethereum Using Chase - TOTAL CHECKING *****6925,13.47,USD,...,
05/29/2022 16:10:03,Trade,,0.50000000,ETH2,...,...,Coinbase - ETH2 Wallet,,,Converted to Ethereum 2 Using ETH Wallet,0.50000000,ETH,...,...,Coinbase - ETH Wallet,,,Converted to Ethereum 2 Using ETH Wallet,,,...,
05/30/2022 01:28:29,Buy,,62.47508104,GRT,...,...,Coinbase - GRT Wallet,,,Bought The Graph Using Chase - TOTAL CHECKING *****6925,10.00,USD,...,...,Coinbase - Cash (USD),,,Bought The Graph Using Chase - TOTAL CHECKING *****6925,0.99,USD,...,
05/31/2022 06:19:37,Buy,,13.76400184,MATIC,...,...,Coinbase - MATIC Wallet,,,Bought Polygon Using Chase - TOTAL CHECKING *****6925,10.00,USD,...,...,Coinbase - Cash (USD),,,Bought Polygon Using Chase - TOTAL CHECKING *****6925,0.99,USD,...,
06/01/2022 02:15:22,Receive,,0.23835500,ADA,...,...,Coinbase - ADA Wallet,,,Cardano reward From Coinbase,,,...,...,,,,,,,...,
06/02/2022 06:22:49,Buy,,0.02631564,ETH,...,...,Coinbase - ETH Wallet,,,Bought Ethereum Using Chase - TOTAL CHECKING *****6925,50.00,USD,...,...,Coinbase - Cash (USD),,,Bought Ethereum Using Chase - TOTAL CHECKING *****6925,1.99,USD,...,
06/02/2022 08:30:31,Buy,,0.00159452,BTC,...,...,Coinbase - BTC Wallet,,,Bought Bitcoin Using Chase - TOTAL CHECKING *****6925,50.00,USD,...,...,Coinbase - Cash (USD),,,Bought Bitcoin Using Chase - TOTAL CHECKING *****6925,1.99,USD,...,
06/03/2022 20:21:39,Transfer,b6dd6d5cc43c22e51d2f2f8281f3a47b07f2ced30d64359f05acf6665fcf92b2,0.05693237,ETH,...,...,ETH Wallet ...b622cF - ETH,0x7A178467296f9723f8F245d87F07851163b622cF,,,0.05844437,ETH,...,...,Coinbase - ETH Wallet,0x7A178467296f9723f8F245d87F07851163b622cF,,Sent Ethereum To Ethereum address,0.00151200,ETH,...,
06/06/2022 17:52:21,Receive,,0.23292200,ADA,...,...,Coinbase - ADA Wallet,,,Cardano reward From Coinbase,,,...,...,,,,,,,...,
06/07/2022 04:31:46,Buy,,15.05033557,MATIC,...,...,Coinbase - MATIC Wallet,,,Bought Polygon Using Chase - TOTAL CHECKING *****6925,10.00,USD,...,...,Coinbase - Cash (USD),,,Bought Polygon Using Chase - TOTAL CHECKING *****6925,0.99,USD,...,
06/08/2022 02:22:14,Buy,,13.88544900,ADA,...,...,Coinbase - ADA Wallet,,,Bought Cardano Using Chase - TOTAL CHECKING *****6925,10.00,USD,...,...,Coinbase - Cash (USD),,,Bought Cardano Using Chase - TOTAL CHECKING *****6925,0.99,USD,...,
06/09/2022 18:01:43,Receive,,1500.00000000,VET,...,...,Imported Wallet - Crypto.com Wallet - VET,,,Buy VET,,,...,...,,,,,,,...,
06/10/2022 15:55:31,Send,,,,...,...,,,,,0.04973078,BTC,...,...,Coinbase - BTC Wallet,bc1qse2wnff0uqud763wpnnatxf8teq9mrhjt26fs2,,Sent Bitcoin To Bitcoin address,0.00000316,BTC,...,
06/12/2022 00:13:12,Receive,,0.24866400,ADA,...,...,Coinbase - ADA Wallet,,,Cardano reward From Coinbase,,,...,...,,,,,,,...,
06/14/2022 05:03:08,Buy,,21.22574539,MATIC,...,...,Coinbase - MATIC Wallet,,,Bought Polygon Using Chase - TOTAL CHECKING *****6925,10.00,USD,...,...,Coinbase - Cash (USD),,,Bought Polygon Using Chase - TOTAL CHECKING *****6925,0.99,USD,...,
06/15/2022 02:34:39,Buy,,18.86038700,ADA,...,...,Coinbase - ADA Wallet,,,Bought Cardano Using Chase - TOTAL CHECKING *****6925,10.00,USD,...,...,Coinbase - Cash (USD),,,Bought Cardano Using Chase - TOTAL CHECKING *****6925,0.99,USD,...,
06/15/2022 15:38:57,Receive,,500.00000000,VET,...,...,Imported Wallet - Crypto.com Wallet - VET,,,Buy VET,,,...,...,,,,,,,...,
06/15/2022 21:28:30,Buy,,0.03998160,ETH,...,...,Coinbase - ETH Wallet,,,Bought Ethereum Using Chase - TOTAL CHECKING *****6925,50.00,USD,...,...,Coinbase - Cash (USD),,,Bought Ethereum Using Chase - TOTAL CHECKING *****6925,1.99,USD,...,
06/16/2022 07:40:26,Buy,,0.00220685,BTC,...,...,Coinbase - BTC Wallet,,,Bought Bitcoin Using Chase - TOTAL CHECKING *****6925,50.00,USD,...,...,Coinbase - Cash (USD),,,Bought Bitcoin Using Chase - TOTAL CHECKING *****6925,1.99,USD,...,
06/18/2022 22:28:43,Buy,,0.04868220,ETH,...,...,Coinbase - ETH Wallet,,,Bought Ethereum Using Chase - TOTAL CHECKING *****6925,50.00,USD,...,...,Coinbase - Cash (USD),,,Bought Ethereum Using Chase - TOTAL CHECKING *****6925,1.99,USD,...,
06/18/2022 22:29:35,Buy,,0.00250334,BTC,...,...,Coinbase - BTC Wallet,,,Bought Bitcoin Using Chase - TOTAL CHECKING *****6925,50.00,USD,...,...,Coinbase - Cash (USD),,,Bought Bitcoin Using Chase - TOTAL CHECKING *****6925,1.99,USD,...,
06/18/2022 22:30:42,Buy,,67.18275366,MATIC,...,...,Coinbase - MATIC Wallet,,,Bought Polygon Using Chase - TOTAL CHECKING *****6925,25.00,USD,...,...,Coinbase - Cash (USD),,,Bought Polygon Using Chase - TOTAL CHECKING *****6925,1.49,USD,...,
06/18/2022 22:31:50,Receive,,1250.00000000,VET,...,...,Imported Wallet - Crypto.com Wallet - VET,,,Buy VET,,,...,...,,,,,,,...,
06/20/2022 10:04:48,Receive,,0.23565000,ADA,...,...,Coinbase - ADA Wallet,,,Cardano reward From Coinbase,,,...,...,,,,,,,...,
06/21/2022 06:14:33,Buy,,20.78794902,MATIC,...,...,Coinbase - MATIC Wallet,,,Bought Polygon Using Chase - TOTAL CHECKING *****6925,10.00,USD,...,...,Coinbase - Cash (USD),,,Bought Polygon Using Chase - TOTAL CHECKING *****6925,0.99,USD,...,
06/22/2022 02:54:19,Buy,,19.13804100,ADA,...,...,Coinbase - ADA Wallet,,,Bought Cardano Using Chase - TOTAL CHECKING *****6925,10.00,USD,...,...,Coinbase - Cash (USD),,,Bought Cardano Using Chase - TOTAL CHECKING *****6925,0.99,USD,...,
06/24/2022 06:11:51,Receive,,0.24680400,ADA,...,...,Coinbase - ADA Wallet,,,Cardano reward From Coinbase,,,...,...,,,,,,,...,
06/27/2022 04:59:36,Receive,,0.25772300,ADA,...,...,Coinbase - ADA Wallet,,,Cardano reward From Coinbase,,,...,...,,,,,,,...,
06/28/2022 07:59:36,Buy,,16.75070028,MATIC,...,...,Coinbase - MATIC Wallet,,,Bought Polygon Using Chase - TOTAL CHECKING *****6925,10.00,USD,...,...,Coinbase - Cash (USD),,,Bought Polygon Using Chase - TOTAL CHECKING *****6925,0.99,USD,...,
06/29/2022 02:05:30,Buy,,18.92804400,ADA,...,...,Coinbase - ADA Wallet,,,Bought Cardano Using Chase - TOTAL CHECKING *****6925,10.00,USD,...,...,Coinbase - Cash (USD),,,Bought Cardano Using Chase - TOTAL CHECKING *****6925,0.99,USD,...,
07/01/2022 17:40:46,Buy,,0.04444837,ETH,...,...,Coinbase - ETH Wallet,,,Bought Ethereum Using Chase - TOTAL CHECKING *****6925,50.00,USD,...,...,Coinbase - Cash (USD),,,Bought Ethereum Using Chase - TOTAL CHECKING *****6925,1.99,USD,...,
07/02/2022 01:11:57,Buy,,0.00249217,BTC,...,...,Coinbase - BTC Wallet,,,Bought Bitcoin Using Chase - TOTAL CHECKING *****6925,50.00,USD,...,...,Coinbase - Cash (USD),,,Bought Bitcoin Using Chase - TOTAL CHECKING *****6925,1.99,USD,...,
07/05/2022 14:54:32,Receive,,0.21038800,ADA,...,...,Coinbase - ADA Wallet,,,Cardano reward From Coinbase,,,...,...,,,,,,,...,
07/06/2022 02:51:13,Buy,,19.95106800,ADA,...,...,Coinbase - ADA Wallet,,,Bought Cardano Using Chase - TOTAL CHECKING *****6925,10.00,USD,...,...,Coinbase - Cash (USD),,,Bought Cardano Using Chase - TOTAL CHECKING *****6925,0.99,USD,...,
07/08/2022 10:55:15,Receive,,1000.00000000,ONE,...,...,Imported Wallet - Crypto.com Wallet - ONE,,,Buy ONE,,,...,...,,,,,,,...,
07/09/2022 12:09:28,Receive,,0.21376100,ADA,...,...,Coinbase - ADA Wallet,,,Cardano reward From Coinbase,,,...,...,,,,,,,...,
07/11/2022 11:20:58,Trade,0x98721d30742fe81afb6970006e48235af596d26b6efc6825898a9f996479786c,59.75621793,HEX,...,...,ETH Wallet ...b622cF - ETH,0x7A178467296f9723f8F245d87F07851163b622cF,,,,,...,...,,,,,,,...,
07/11/2022 11:20:58,Trade,0x98721d30742fe81afb6970006e48235af596d26b6efc6825898a9f996479786c,,,...,...,,,,,2.00000000,PMON,...,...,ETH Wallet ...b622cF - ETH,0x7A178467296f9723f8F245d87F07851163b622cF,,,,,...,
07/11/2022 11:20:58,Send,0x98721d30742fe81afb6970006e48235af596d26b6efc6825898a9f996479786c,,,...,...,,,,,0.00000000,ETH,...,...,ETH Wallet ...b622cF - ETH,0x7A178467296f9723f8F245d87F07851163b622cF,,,0.00309367,ETH,...,
07/11/2022 11:20:58,Send,5fda73ff6d06e878a9eb1ce915a2c5448bb0991de3226800df91ab0dd1ee91b4,,,...,...,,,,,0.00000000,ETH,...,...,ETH Wallet ...b622cF - ETH,0x7A178467296f9723f8F245d87F07851163b622cF,,,0.00069013,ETH,...,
07/11/2022 11:23:41,Trade,0xfc57c4ec80db90724a732016bc2faf43a58418be3ef9c95c59bf4f6516a29892,277.34393227,HEX,...,...,ETH Wallet ...b622cF - ETH,0x7A178467296f9723f8F245d87F07851163b622cF,,,0.00891000,ETH,...,...,ETH Wallet ...b622cF - ETH,0x7A178467296f9723f8F245d87F07851163b622cF,,,0.00215925,ETH,...,
07/12/2022 04:32:44,Buy,,15.40707661,MATIC,...,...,Coinbase - MATIC Wallet,,,Bought Polygon Using Chase - TOTAL CHECKING *****6925,10.00,USD,...,...,Coinbase - Cash (USD),,,Bought Polygon Using Chase - TOTAL CHECKING *****6925,0.99,USD,...,
07/13/2022 00:38:19,Buy,,21.39279800,ADA,...,...,Coinbase - ADA Wallet,,,Bought Cardano Using Chase - TOTAL CHECKING *****6925,10.00,USD,...,...,Coinbase - Cash (USD),,,Bought Cardano Using Chase - TOTAL CHECKING *****6925,0.99,USD,...,
07/13/2022 15:14:12,Receive,,0.14716500,ADA,...,...,Coinbase - ADA Wallet,,,Cardano reward From Coinbase,,,...,...,,,,,,,...,
07/15/2022 22:34:00,Buy,,0.00229277,BTC,...,...,Coinbase - BTC Wallet,,,Bought Bitcoin Using Chase - TOTAL CHECKING *****6925,50.00,USD,...,...,Coinbase - Cash (USD),,,Bought Bitcoin Using Chase - TOTAL CHECKING *****6925,1.99,USD,...,
07/16/2022 07:37:45,Buy,,0.03973482,ETH,...,...,Coinbase - ETH Wallet,,,Bought Ethereum Using Chase - TOTAL CHECKING *****6925,50.00,USD,...,...,Coinbase - Cash (USD),,,Bought Ethereum Using Chase - TOTAL CHECKING *****6925,1.99,USD,...,
07/17/2022 13:30:52,Receive,,0.30038700,ADA,...,...,Coinbase - ADA Wallet,,,Cardano reward From Coinbase,,,...,...,,,,,,,...,
07/19/2022 06:17:10,Buy,,9.85605977,MATIC,...,...,Coinbase - MATIC Wallet,,,Bought Polygon Using Chase - TOTAL CHECKING *****6925,10.00,USD,...,...,Coinbase - Cash (USD),,,Bought Polygon Using Chase - TOTAL CHECKING *****6925,0.99,USD,...,
07/20/2022 04:00:16,Buy,,17.04351100,ADA,...,...,Coinbase - ADA Wallet,,,Bought Cardano Using Chase - TOTAL CHECKING *****6925,10.00,USD,...,...,Coinbase - Cash (USD),,,Bought Cardano Using Chase - TOTAL CHECKING *****6925,0.99,USD,...,
07/23/2022 13:14:10,Receive,,0.30431200,ADA,...,...,Coinbase - ADA Wallet,,,Received Cardano From Coinbase Rewards,,,...,...,,,,,,,...,
07/26/2022 05:35:05,Buy,,11.71630094,MATIC,...,...,Coinbase - MATIC Wallet,,,Bought Polygon Using Chase - TOTAL CHECKING *****6925,10.00,USD,...,...,Coinbase - Cash (USD),,,Bought Polygon Using Chase - TOTAL CHECKING *****6925,0.99,USD,...,
07/27/2022 04:09:00,Buy,,19.47882700,ADA,...,...,Coinbase - ADA Wallet,,,Bought Cardano Using Chase - TOTAL CHECKING *****6925,10.00,USD,...,...,Coinbase - Cash (USD),,,Bought Cardano Using Chase - TOTAL CHECKING *****6925,0.99,USD,...,
07/28/2022 18:22:05,Receive,,0.29983100,ADA,...,...,Coinbase - ADA Wallet,,,Received Cardano From Coinbase Rewards,,,...,...,,,,,,,...,
08/01/2022 23:21:46,Buy,,0.00204684,BTC,...,...,Coinbase - BTC Wallet,,,Bought Bitcoin Using Chase - TOTAL CHECKING *****6925,50.00,USD,...,...,Coinbase - Cash (USD),,,Bought Bitcoin Using Chase - TOTAL CHECKING *****6925,1.99,USD,...,
08/02/2022 08:06:14,Buy,,10.36634693,MATIC,...,...,Coinbase - MATIC Wallet,,,Bought Polygon Using Chase - TOTAL CHECKING *****6925,10.00,USD,...,...,Coinbase - Cash (USD),,,Bought Polygon Using Chase - TOTAL CHECKING *****6925,0.99,USD,...,
08/02/2022 09:10:39,Receive,,0.29188600,ADA,...,...,Coinbase - ADA Wallet,,,Received Cardano From Coinbase Rewards,,,...,...,,,,,,,...,
08/02/2022 09:43:09,Buy,,0.03038514,ETH,...,...,Coinbase - ETH Wallet,,,Bought Ethereum Using Chase - TOTAL CHECKING *****6925,50.00,USD,...,...,Coinbase - Cash (USD),,,Bought Ethereum Using Chase - TOTAL CHECKING *****6925,1.99,USD,...,
08/03/2022 03:02:40,Buy,,18.07374600,ADA,...,...,Coinbase - ADA Wallet,,,Bought Cardano Using Chase - TOTAL CHECKING *****6925,10.00,USD,...,...,Coinbase - Cash (USD),,,Bought Cardano Using Chase - TOTAL CHECKING *****6925,0.99,USD,...,
08/04/2022 01:06:58,Receive,,120.99213551,AMP,...,...,Coinbase - AMP Wallet,,Payment,Received Amp From Coinbase Earn,,,...,...,,,,,,,...,
08/04/2022 01:08:03,Trade,,8.08758991,GRT,...,...,Coinbase - GRT Wallet,,,Converted from Amp Using AMP Wallet,120.99213551,AMP,...,...,Coinbase - AMP Wallet,,,Converted from Amp Using AMP Wallet,,,...,
08/04/2022 02:54:54,Send,,,,...,...,,,,,0.01154197,BTC,...,...,Coinbase - BTC Wallet,bc1qp64amjty2syv7xqvqyrt54ny2v483frdnspnmw,,Sent Bitcoin To Bitcoin address on Bitcoin network,0.00002105,BTC,...,
08/06/2022 04:27:06,Receive,,1000.00000000,VET,...,...,Imported Wallet - Crypto.com Wallet - VET,,,Buy VET,,,...,...,,,,,,,...,
08/06/2022 06:24:17,Receive,,0.30267600,ADA,...,...,Coinbase - ADA Wallet,,,Received Cardano From Coinbase Rewards,,,...,...,,,,,,,...,
08/09/2022 05:51:12,Buy,,9.66386555,MATIC,...,...,Coinbase - MATIC Wallet,,,Bought Polygon Using Chase - TOTAL CHECKING *****6925,10.00,USD,...,...,Coinbase - Cash (USD),,,Bought Polygon Using Chase - TOTAL CHECKING *****6925,0.99,USD,...,
08/10/2022 03:49:33,Buy,,17.59858700,ADA,...,...,Coinbase - ADA Wallet,,,Bought Cardano Using Chase - TOTAL CHECKING *****6925,10.00,USD,...,...,Coinbase - Cash (USD),,,Bought Cardano Using Chase - TOTAL CHECKING *****6925,0.99,USD,...,
08/10/2022 23:35:54,Receive,,0.30496600,ADA,...,...,Coinbase - ADA Wallet,,,Received Cardano From Coinbase Rewards,,,...,...,,,,,,,...,
08/12/2022 03:30:37,Receive,,565.00000000,VET,...,...,Imported Wallet - Crypto.com Wallet - VET,,,Buy VET,,,...,...,,,,,,,...,
08/15/2022 17:38:25,Buy,,0.00197822,BTC,...,...,Coinbase - BTC Wallet,,,Bought Bitcoin Using Chase - TOTAL CHECKING *****6925,50.00,USD,...,...,Coinbase - Cash (USD),,,Bought Bitcoin Using Chase - TOTAL CHECKING *****6925,1.99,USD,...,
08/16/2022 05:17:47,Buy,,9.54052329,MATIC,...,...,Coinbase - MATIC Wallet,,,Bought Polygon Using Chase - TOTAL CHECKING *****6925,10.00,USD,...,...,Coinbase - Cash (USD),,,Bought Polygon Using Chase - TOTAL CHECKING *****6925,0.99,USD,...,
08/16/2022 07:57:33,Buy,,0.02536101,ETH,...,...,Coinbase - ETH Wallet,,,Bought Ethereum Using Chase - TOTAL CHECKING *****6925,50.00,USD,...,...,Coinbase - Cash (USD),,,Bought Ethereum Using Chase - TOTAL CHECKING *****6925,1.99,USD,...,
08/17/2022 04:07:45,Buy,,15.45485900,ADA,...,...,Coinbase - ADA Wallet,,,Bought Cardano Using Chase - TOTAL CHECKING *****6925,10.00,USD,...,...,Coinbase - Cash (USD),,,Bought Cardano Using Chase - TOTAL CHECKING *****6925,0.99,USD,...,
08/19/2022 01:33:03,Receive,,0.30350500,ADA,...,...,Coinbase - ADA Wallet,,,Received Cardano From Coinbase Rewards,,,...,...,,,,,,,...,
08/19/2022 06:32:16,Receive,,0.05774840,ETH2,...,...,Coinbase - ETH2 Wallet,,Staked,Ethereum 2 reward From Coinbase,,,...,...,,,,,,,...,
08/20/2022 18:46:15,Receive,,1285.00000000,VET,...,...,Imported Wallet - Crypto.com Wallet - VET,,,Buy VET,,,...,...,,,,,,,...,
08/22/2022 00:12:35,Receive,,0.32494500,ADA,...,...,Coinbase - ADA Wallet,,,Received Cardano From Coinbase Rewards,,,...,...,,,,,,,...,
08/23/2022 05:53:18,Buy,,11.28443829,MATIC,...,...,Coinbase - MATIC Wallet,,,Bought Polygon Using Chase - TOTAL CHECKING *****6925,10.00,USD,...,...,Coinbase - Cash (USD),,,Bought Polygon Using Chase - TOTAL CHECKING *****6925,0.99,USD,...,
08/24/2022 02:05:29,Buy,,19.58087800,ADA,...,...,Coinbase - ADA Wallet,,,Bought Cardano Using Chase - TOTAL CHECKING *****6925,10.00,USD,...,...,Coinbase - Cash (USD),,,Bought Cardano Using Chase - TOTAL CHECKING *****6925,0.99,USD,...,
08/24/2022 17:42:30,Send,,,,...,...,,,,,0.06039289,ETH,...,...,Coinbase - ETH Wallet,0xF1e6E6f7046C182B638c64bf8BF063eD5568994e,,Sent Ethereum To Ethereum address on Ethereum network,0.00042000,ETH,...,
08/25/2022 00:59:19,Receive,,0.00055292,ETH2,...,...,Coinbase - ETH2 Wallet,,Staked,Ethereum 2 reward From Coinbase,,,...,...,,,,,,,...,
08/26/2022 04:55:35,Receive,0x7941c4c7029c9baf0b004743badaaef615cc62e1dbf1b4876b106bb4b4cfd972,780.33727116,HEX,...,...,ETH Wallet ...b622cF - ETH,0x7A178467296f9723f8F245d87F07851163b622cF,,,,,...,...,,,,,,,...,

..., Indicates that a tax plan needs to be purchased for the corresponding tax year
